
SET NAMES utf8mb4;

INSERT INTO `rex_article` (`pid`, `id`, `parent_id`, `name`, `catname`, `catpriority`, `startarticle`, `priority`, `path`, `status`, `template_id`, `clang_id`, `createdate`, `createuser`, `updatedate`, `updateuser`, `revision`, `yrewrite_url_type`, `yrewrite_url`, `yrewrite_redirection`, `yrewrite_title`, `yrewrite_description`, `yrewrite_image`, `yrewrite_changefreq`, `yrewrite_priority`, `yrewrite_index`, `yrewrite_canonical_url`) VALUES
(1,	1,	0,	'Home',	'Home',	1,	1,	1,	'|',	1,	1,	1,	'2024-01-11 15:21:10',	'admin',	'2024-01-11 15:21:08',	'admin',	0,	'AUTO',	'',	'',	'',	'',	'',	NULL,	NULL,	NULL,	''),
(2,	2,	0,	'404',	'',	0,	0,	1,	'|',	0,	1,	1,	'2024-01-11 15:23:39',	'admin',	'2024-01-11 15:23:39',	'admin',	0,	'AUTO',	'',	'',	'',	'',	'',	NULL,	NULL,	NULL,	''),
(3,	3,	0,	'Datenschutz',	'',	0,	0,	2,	'|',	1,	1,	1,	'2024-01-11 15:23:47',	'admin',	'2024-01-11 15:23:49',	'admin',	0,	'AUTO',	'',	'',	'',	'',	'',	NULL,	NULL,	NULL,	'');

--
-- Daten für Tabelle `rex_clang`
--

DELETE FROM `rex_clang`
WHERE ((`id` = '1'));

ALTER TABLE `rex_clang`
ADD `clang_locale` text NULL;

INSERT INTO `rex_clang` (`id`, `code`, `name`, `priority`, `status`, `revision`, `clang_locale`) VALUES
(1, 'de', 'Deutsch', 1, 1, 0, 'de_CH');

-- --------------------------------------------------------

--
--
-- Daten für Tabelle `rex_media_manager_type`
--

INSERT INTO `rex_media_manager_type` (`id`, `status`, `name`, `description`, `createdate`, `createuser`, `updatedate`, `updateuser`) VALUES
(6, 0, 'default-m', '', '0000-00-00 00:00:00', '', '2023-08-03 13:48:13', 'admin'),
(10, 0, 'default-s', '', '0000-00-00 00:00:00', '', '2023-08-03 13:48:21', 'admin'),
(11, 0, 'default', '', '0000-00-00 00:00:00', '', '2023-08-03 13:43:37', 'admin'),
(14, 0, 'default-l', '', '0000-00-00 00:00:00', '', '2023-08-03 13:48:02', 'admin'),
(18, 0, 'default-xl', '', '0000-00-00 00:00:00', '', '2023-08-03 13:48:33', 'admin'),
(22, 0, 'share', '', '0000-00-00 00:00:00', '', '2023-03-15 15:27:00', 'admin'),
(35, 0, 'lightbox', '', '0000-00-00 00:00:00', '', '2023-08-03 13:49:06', 'admin'),
(36, 0, 'tinymcewysiwyg', '', '0000-00-00 00:00:00', '', '2023-08-03 13:49:24', 'admin'),
(54, 0, 'default-xs', '', '0000-00-00 00:00:00', '', '2023-08-03 13:48:44', 'admin'),
(112, 0, 'default-c', '', '0000-00-00 00:00:00', '', '2023-08-03 13:47:59', 'admin'),
(113, 0, 'default-xs-c', '', '0000-00-00 00:00:00', '', '2023-08-03 13:48:48', 'admin'),
(114, 0, 'default-xl-c', '', '0000-00-00 00:00:00', '', '2023-08-03 13:48:36', 'admin'),
(115, 0, 'default-s-c', '', '0000-00-00 00:00:00', '', '2023-08-03 13:48:24', 'admin'),
(116, 0, 'default-m-c', '', '0000-00-00 00:00:00', '', '2023-08-03 13:48:16', 'admin'),
(117, 0, 'default-l-c', '', '0000-00-00 00:00:00', '', '2023-08-03 13:48:07', 'admin'),
(118, 0, 'default-xxl', '', '2019-12-17 16:32:55', 'admin', '2023-08-03 13:48:53', 'admin'),
(119, 0, 'default-xxl-c', '', '2019-12-17 16:33:05', 'admin', '2023-08-03 13:48:55', 'admin'),
(122, 0, 'default-sq', '', '0000-00-00 00:00:00', '', '2023-08-03 13:48:29', 'admin'),
(123, 0, 'default-l-sq', '', '0000-00-00 00:00:00', '', '2023-08-03 13:48:10', 'admin'),
(124, 0, 'default-m-sq', '', '0000-00-00 00:00:00', '', '2023-08-03 13:48:18', 'admin'),
(125, 0, 'default-s-sq', '', '0000-00-00 00:00:00', '', '2023-08-03 13:48:26', 'admin'),
(126, 0, 'default-xl-sq', '', '0000-00-00 00:00:00', '', '2023-08-03 13:48:38', 'admin'),
(127, 0, 'default-xs-sq', '', '0000-00-00 00:00:00', '', '2023-08-03 13:48:50', 'admin'),
(128, 0, 'default-xxl-sq', '', '0000-00-00 00:00:00', '', '2023-08-03 13:48:58', 'admin'),
(135, 0, 'lip-default', '', '0000-00-00 00:00:00', '', '2023-08-03 13:49:12', 'admin'),
(136, 0, 'lip-default-crop', '', '0000-00-00 00:00:00', '', '2023-08-03 13:49:14', 'admin'),
(137, 0, 'lip-default-square', '', '0000-00-00 00:00:00', '', '2023-08-03 13:49:17', 'admin'),
(139, 0, 'default-xxxl', '', '0000-00-00 00:00:00', '', '2023-08-03 13:49:00', 'admin'),
(140, 0, 'default-xxxxl', '', '0000-00-00 00:00:00', '', '2023-08-03 13:49:02', 'admin');

-- --------------------------------------------------------

--
-- Daten für Tabelle `rex_media_manager_type_effect`
--

INSERT INTO `rex_media_manager_type_effect` (`type_id`, `effect`, `parameters`, `priority`, `createdate`, `createuser`, `updatedate`, `updateuser`) VALUES
( 22, 'resize', '{\"rex_effect_convert2img\":{\"rex_effect_convert2img_convert_to\":\"jpg\",\"rex_effect_convert2img_density\":\"100\"},\"rex_effect_crop\":{\"rex_effect_crop_width\":\"\",\"rex_effect_crop_height\":\"\",\"rex_effect_crop_offset_width\":\"\",\"rex_effect_crop_offset_height\":\"\",\"rex_effect_crop_hpos\":\"left\",\"rex_effect_crop_vpos\":\"top\"},\"rex_effect_filter_blur\":{\"rex_effect_filter_blur_repeats\":\"\",\"rex_effect_filter_blur_type\":\"\",\"rex_effect_filter_blur_smoothit\":\"\"},\"rex_effect_filter_colorize\":{\"rex_effect_filter_colorize_filter_r\":\"\",\"rex_effect_filter_colorize_filter_g\":\"\",\"rex_effect_filter_colorize_filter_b\":\"\"},\"rex_effect_filter_sharpen\":{\"rex_effect_filter_sharpen_amount\":\"\",\"rex_effect_filter_sharpen_radius\":\"\",\"rex_effect_filter_sharpen_threshold\":\"\"},\"rex_effect_flip\":{\"rex_effect_flip_flip\":\"X\"},\"rex_effect_header\":{\"rex_effect_header_download\":\"open_media\",\"rex_effect_header_cache\":\"no_cache\"},\"rex_effect_insert_image\":{\"rex_effect_insert_image_brandimage\":\"\",\"rex_effect_insert_image_hpos\":\"left\",\"rex_effect_insert_image_vpos\":\"top\",\"rex_effect_insert_image_padding_x\":\"\",\"rex_effect_insert_image_padding_y\":\"\"},\"rex_effect_mediapath\":{\"rex_effect_mediapath_mediapath\":\"\"},\"rex_effect_mirror\":{\"rex_effect_mirror_height\":\"\",\"rex_effect_mirror_set_transparent\":\"colored\",\"rex_effect_mirror_bg_r\":\"\",\"rex_effect_mirror_bg_g\":\"\",\"rex_effect_mirror_bg_b\":\"\"},\"rex_effect_resize\":{\"rex_effect_resize_width\":\"1280\",\"rex_effect_resize_height\":\"853\",\"rex_effect_resize_style\":\"minimum\",\"rex_effect_resize_allow_enlarge\":\"enlarge\"},\"rex_effect_rounded_corners\":{\"rex_effect_rounded_corners_topleft\":\"\",\"rex_effect_rounded_corners_topright\":\"\",\"rex_effect_rounded_corners_bottomleft\":\"\",\"rex_effect_rounded_corners_bottomright\":\"\"},\"rex_effect_workspace\":{\"rex_effect_workspace_width\":\"\",\"rex_effect_workspace_height\":\"\",\"rex_effect_workspace_hpos\":\"left\",\"rex_effect_workspace_vpos\":\"top\",\"rex_effect_workspace_set_transparent\":\"colored\",\"rex_effect_workspace_bg_r\":\"\",\"rex_effect_workspace_bg_g\":\"\",\"rex_effect_workspace_bg_b\":\"\"}}', 1, '0000-00-00 00:00:00', 'admin', '2016-10-20 08:25:48', 'admin'),
( 22, 'crop', '{\"rex_effect_convert2img\":{\"rex_effect_convert2img_convert_to\":\"jpg\",\"rex_effect_convert2img_density\":\"100\"},\"rex_effect_crop\":{\"rex_effect_crop_width\":\"1280\",\"rex_effect_crop_height\":\"853\",\"rex_effect_crop_offset_width\":\"\",\"rex_effect_crop_offset_height\":\"\",\"rex_effect_crop_hpos\":\"center\",\"rex_effect_crop_vpos\":\"middle\"},\"rex_effect_filter_blur\":{\"rex_effect_filter_blur_repeats\":\"\",\"rex_effect_filter_blur_type\":\"\",\"rex_effect_filter_blur_smoothit\":\"\"},\"rex_effect_filter_colorize\":{\"rex_effect_filter_colorize_filter_r\":\"\",\"rex_effect_filter_colorize_filter_g\":\"\",\"rex_effect_filter_colorize_filter_b\":\"\"},\"rex_effect_filter_sharpen\":{\"rex_effect_filter_sharpen_amount\":\"\",\"rex_effect_filter_sharpen_radius\":\"\",\"rex_effect_filter_sharpen_threshold\":\"\"},\"rex_effect_flip\":{\"rex_effect_flip_flip\":\"X\"},\"rex_effect_header\":{\"rex_effect_header_download\":\"open_media\",\"rex_effect_header_cache\":\"no_cache\"},\"rex_effect_insert_image\":{\"rex_effect_insert_image_brandimage\":\"\",\"rex_effect_insert_image_hpos\":\"left\",\"rex_effect_insert_image_vpos\":\"top\",\"rex_effect_insert_image_padding_x\":\"\",\"rex_effect_insert_image_padding_y\":\"\"},\"rex_effect_mediapath\":{\"rex_effect_mediapath_mediapath\":\"\"},\"rex_effect_mirror\":{\"rex_effect_mirror_height\":\"\",\"rex_effect_mirror_set_transparent\":\"colored\",\"rex_effect_mirror_bg_r\":\"\",\"rex_effect_mirror_bg_g\":\"\",\"rex_effect_mirror_bg_b\":\"\"},\"rex_effect_resize\":{\"rex_effect_resize_width\":\"\",\"rex_effect_resize_height\":\"\",\"rex_effect_resize_style\":\"maximum\",\"rex_effect_resize_allow_enlarge\":\"enlarge\"},\"rex_effect_rounded_corners\":{\"rex_effect_rounded_corners_topleft\":\"\",\"rex_effect_rounded_corners_topright\":\"\",\"rex_effect_rounded_corners_bottomleft\":\"\",\"rex_effect_rounded_corners_bottomright\":\"\"},\"rex_effect_workspace\":{\"rex_effect_workspace_width\":\"\",\"rex_effect_workspace_height\":\"\",\"rex_effect_workspace_hpos\":\"left\",\"rex_effect_workspace_vpos\":\"top\",\"rex_effect_workspace_set_transparent\":\"colored\",\"rex_effect_workspace_bg_r\":\"\",\"rex_effect_workspace_bg_g\":\"\",\"rex_effect_workspace_bg_b\":\"\"}}', 2, '0000-00-00 00:00:00', 'admin', '2016-10-20 08:26:11', 'admin');
INSERT INTO `rex_media_manager_type_effect` (`type_id`, `effect`, `parameters`, `priority`, `createdate`, `createuser`, `updatedate`, `updateuser`) VALUES
( 35, 'resize', '{\"rex_effect_rounded_corners\":{\"rex_effect_rounded_corners_topleft\":\"\",\"rex_effect_rounded_corners_topright\":\"\",\"rex_effect_rounded_corners_bottomleft\":\"\",\"rex_effect_rounded_corners_bottomright\":\"\"},\"rex_effect_workspace\":{\"rex_effect_workspace_width\":\"\",\"rex_effect_workspace_height\":\"\",\"rex_effect_workspace_hpos\":\"left\",\"rex_effect_workspace_vpos\":\"top\",\"rex_effect_workspace_set_transparent\":\"colored\",\"rex_effect_workspace_bg_r\":\"\",\"rex_effect_workspace_bg_g\":\"\",\"rex_effect_workspace_bg_b\":\"\"},\"rex_effect_crop\":{\"rex_effect_crop_width\":\"\",\"rex_effect_crop_height\":\"\",\"rex_effect_crop_offset_width\":\"\",\"rex_effect_crop_offset_height\":\"\",\"rex_effect_crop_hpos\":\"left\",\"rex_effect_crop_vpos\":\"top\"},\"rex_effect_insert_image\":{\"rex_effect_insert_image_brandimage\":\"\",\"rex_effect_insert_image_hpos\":\"left\",\"rex_effect_insert_image_vpos\":\"top\",\"rex_effect_insert_image_padding_x\":\"\",\"rex_effect_insert_image_padding_y\":\"\"},\"rex_effect_rotate\":{\"rex_effect_rotate_rotate\":\"0\"},\"rex_effect_filter_colorize\":{\"rex_effect_filter_colorize_filter_r\":\"\",\"rex_effect_filter_colorize_filter_g\":\"\",\"rex_effect_filter_colorize_filter_b\":\"\"},\"rex_effect_image_properties\":{\"rex_effect_image_properties_jpg_quality\":\"\",\"rex_effect_image_properties_png_compression\":\"\",\"rex_effect_image_properties_webp_quality\":\"\",\"rex_effect_image_properties_interlace\":null},\"rex_effect_focuspoint_fit\":{\"rex_effect_focuspoint_fit_meta\":\"med_focuspoint\",\"rex_effect_focuspoint_fit_focus\":\"50.0,50.0\",\"rex_effect_focuspoint_fit_width\":\"\",\"rex_effect_focuspoint_fit_height\":\"\",\"rex_effect_focuspoint_fit_zoom\":\"0%\"},\"rex_effect_filter_brightness\":{\"rex_effect_filter_brightness_brightness\":\"\"},\"rex_effect_flip\":{\"rex_effect_flip_flip\":\"X\"},\"rex_effect_image_format\":{\"rex_effect_image_format_convert_to\":\"webp\"},\"rex_effect_filter_contrast\":{\"rex_effect_filter_contrast_contrast\":\"\"},\"rex_effect_filter_sharpen\":{\"rex_effect_filter_sharpen_amount\":\"\",\"rex_effect_filter_sharpen_radius\":\"\",\"rex_effect_filter_sharpen_threshold\":\"\"},\"rex_effect_resize\":{\"rex_effect_resize_width\":\"2560\",\"rex_effect_resize_height\":\"2560\",\"rex_effect_resize_style\":\"maximum\",\"rex_effect_resize_allow_enlarge\":\"not_enlarge\"},\"rex_effect_filter_blur\":{\"rex_effect_filter_blur_repeats\":\"\",\"rex_effect_filter_blur_type\":\"\",\"rex_effect_filter_blur_smoothit\":\"\"},\"rex_effect_mirror\":{\"rex_effect_mirror_height\":\"\",\"rex_effect_mirror_opacity\":\"100\",\"rex_effect_mirror_set_transparent\":\"colored\",\"rex_effect_mirror_bg_r\":\"\",\"rex_effect_mirror_bg_g\":\"\",\"rex_effect_mirror_bg_b\":\"\"},\"rex_effect_header\":{\"rex_effect_header_download\":\"open_media\",\"rex_effect_header_cache\":\"no_cache\",\"rex_effect_header_filename\":\"filename\"},\"rex_effect_convert2img\":{\"rex_effect_convert2img_convert_to\":\"jpg\",\"rex_effect_convert2img_density\":\"100\",\"rex_effect_convert2img_color\":\"\"},\"rex_effect_mediapath\":{\"rex_effect_mediapath_mediapath\":\"\"}}', 1, '0000-00-00 00:00:00', 'admin', '2022-12-16 19:17:09', 'admin'),
( 36, 'resize', '{\"rex_effect_rounded_corners\":{\"rex_effect_rounded_corners_topleft\":\"\",\"rex_effect_rounded_corners_topright\":\"\",\"rex_effect_rounded_corners_bottomleft\":\"\",\"rex_effect_rounded_corners_bottomright\":\"\"},\"rex_effect_workspace\":{\"rex_effect_workspace_width\":\"\",\"rex_effect_workspace_height\":\"\",\"rex_effect_workspace_hpos\":\"left\",\"rex_effect_workspace_vpos\":\"top\",\"rex_effect_workspace_set_transparent\":\"colored\",\"rex_effect_workspace_bg_r\":\"\",\"rex_effect_workspace_bg_g\":\"\",\"rex_effect_workspace_bg_b\":\"\"},\"rex_effect_crop\":{\"rex_effect_crop_width\":\"\",\"rex_effect_crop_height\":\"\",\"rex_effect_crop_offset_width\":\"\",\"rex_effect_crop_offset_height\":\"\",\"rex_effect_crop_hpos\":\"left\",\"rex_effect_crop_vpos\":\"top\"},\"rex_effect_insert_image\":{\"rex_effect_insert_image_brandimage\":\"\",\"rex_effect_insert_image_hpos\":\"left\",\"rex_effect_insert_image_vpos\":\"top\",\"rex_effect_insert_image_padding_x\":\"\",\"rex_effect_insert_image_padding_y\":\"\"},\"rex_effect_rotate\":{\"rex_effect_rotate_rotate\":\"0\"},\"rex_effect_filter_colorize\":{\"rex_effect_filter_colorize_filter_r\":\"\",\"rex_effect_filter_colorize_filter_g\":\"\",\"rex_effect_filter_colorize_filter_b\":\"\"},\"rex_effect_image_properties\":{\"rex_effect_image_properties_jpg_quality\":\"\",\"rex_effect_image_properties_png_compression\":\"\",\"rex_effect_image_properties_webp_quality\":\"\",\"rex_effect_image_properties_interlace\":null},\"rex_effect_filter_brightness\":{\"rex_effect_filter_brightness_brightness\":\"\"},\"rex_effect_flip\":{\"rex_effect_flip_flip\":\"X\"},\"rex_effect_filter_contrast\":{\"rex_effect_filter_contrast_contrast\":\"\"},\"rex_effect_filter_sharpen\":{\"rex_effect_filter_sharpen_amount\":\"\",\"rex_effect_filter_sharpen_radius\":\"\",\"rex_effect_filter_sharpen_threshold\":\"\"},\"rex_effect_resize\":{\"rex_effect_resize_width\":\"1024\",\"rex_effect_resize_height\":\"\",\"rex_effect_resize_style\":\"maximum\",\"rex_effect_resize_allow_enlarge\":\"not_enlarge\"},\"rex_effect_filter_blur\":{\"rex_effect_filter_blur_repeats\":\"\",\"rex_effect_filter_blur_type\":\"\",\"rex_effect_filter_blur_smoothit\":\"\"},\"rex_effect_mirror\":{\"rex_effect_mirror_height\":\"\",\"rex_effect_mirror_set_transparent\":\"colored\",\"rex_effect_mirror_bg_r\":\"\",\"rex_effect_mirror_bg_g\":\"\",\"rex_effect_mirror_bg_b\":\"\"},\"rex_effect_header\":{\"rex_effect_header_download\":\"open_media\",\"rex_effect_header_cache\":\"no_cache\"},\"rex_effect_convert2img\":{\"rex_effect_convert2img_convert_to\":\"jpg\",\"rex_effect_convert2img_density\":\"100\"},\"rex_effect_mediapath\":{\"rex_effect_mediapath_mediapath\":\"\"},\"rex_effect_focuspoint_fit\":{\"rex_effect_focuspoint_fit_width\":\"\",\"rex_effect_focuspoint_fit_height\":\"\",\"rex_effect_focuspoint_fit_zoom\":\"0%\",\"rex_effect_focuspoint_fit_focus\":\"50.0,50.0\",\"rex_effect_focuspoint_fit_meta\":\"med_focuspoint\"},\"rex_effect_focuspoint_resize\":{\"rex_effect_focuspoint_resize_width\":\"\",\"rex_effect_focuspoint_resize_height\":\"\",\"rex_effect_focuspoint_resize_style\":\"maximum\",\"rex_effect_focuspoint_resize_allow_enlarge\":\"enlarge\",\"rex_effect_focuspoint_resize_focus\":\"50.0,50.0\",\"rex_effect_focuspoint_resize_meta\":\"med_focuspoint\"}}', 1, '0000-00-00 00:00:00', 'admin', '2017-11-28 17:17:40', 'admin');
INSERT INTO `rex_media_manager_type_effect` (`type_id`, `effect`, `parameters`, `priority`, `createdate`, `createuser`, `updatedate`, `updateuser`) VALUES
( 54, 'focuspoint_fit', '{\"rex_effect_rounded_corners\":{\"rex_effect_rounded_corners_topleft\":\"\",\"rex_effect_rounded_corners_topright\":\"\",\"rex_effect_rounded_corners_bottomleft\":\"\",\"rex_effect_rounded_corners_bottomright\":\"\"},\"rex_effect_workspace\":{\"rex_effect_workspace_width\":\"\",\"rex_effect_workspace_height\":\"\",\"rex_effect_workspace_hpos\":\"left\",\"rex_effect_workspace_vpos\":\"top\",\"rex_effect_workspace_set_transparent\":\"colored\",\"rex_effect_workspace_bg_r\":\"\",\"rex_effect_workspace_bg_g\":\"\",\"rex_effect_workspace_bg_b\":\"\"},\"rex_effect_crop\":{\"rex_effect_crop_width\":\"\",\"rex_effect_crop_height\":\"\",\"rex_effect_crop_offset_width\":\"\",\"rex_effect_crop_offset_height\":\"\",\"rex_effect_crop_hpos\":\"center\",\"rex_effect_crop_vpos\":\"middle\"},\"rex_effect_insert_image\":{\"rex_effect_insert_image_brandimage\":\"\",\"rex_effect_insert_image_hpos\":\"left\",\"rex_effect_insert_image_vpos\":\"top\",\"rex_effect_insert_image_padding_x\":\"-10\",\"rex_effect_insert_image_padding_y\":\"-10\"},\"rex_effect_rotate\":{\"rex_effect_rotate_rotate\":\"0\"},\"rex_effect_filter_colorize\":{\"rex_effect_filter_colorize_filter_r\":\"\",\"rex_effect_filter_colorize_filter_g\":\"\",\"rex_effect_filter_colorize_filter_b\":\"\"},\"rex_effect_image_properties\":{\"rex_effect_image_properties_jpg_quality\":\"\",\"rex_effect_image_properties_png_compression\":\"\",\"rex_effect_image_properties_webp_quality\":\"\",\"rex_effect_image_properties_interlace\":null},\"rex_effect_focuspoint_fit\":{\"rex_effect_focuspoint_fit_meta\":\"med_focuspoint\",\"rex_effect_focuspoint_fit_focus\":\"50.0,50.0\",\"rex_effect_focuspoint_fit_width\":\"272\",\"rex_effect_focuspoint_fit_height\":\"\",\"rex_effect_focuspoint_fit_zoom\":\"100%\"},\"rex_effect_filter_brightness\":{\"rex_effect_filter_brightness_brightness\":\"\"},\"rex_effect_flip\":{\"rex_effect_flip_flip\":\"X\"},\"rex_effect_filter_contrast\":{\"rex_effect_filter_contrast_contrast\":\"\"},\"rex_effect_filter_sharpen\":{\"rex_effect_filter_sharpen_amount\":\"80\",\"rex_effect_filter_sharpen_radius\":\"0.5\",\"rex_effect_filter_sharpen_threshold\":\"3\"},\"rex_effect_resize\":{\"rex_effect_resize_width\":\"\",\"rex_effect_resize_height\":\"\",\"rex_effect_resize_style\":\"maximum\",\"rex_effect_resize_allow_enlarge\":\"enlarge\"},\"rex_effect_filter_blur\":{\"rex_effect_filter_blur_repeats\":\"10\",\"rex_effect_filter_blur_type\":\"gaussian\",\"rex_effect_filter_blur_smoothit\":\"\"},\"rex_effect_mirror\":{\"rex_effect_mirror_height\":\"\",\"rex_effect_mirror_set_transparent\":\"colored\",\"rex_effect_mirror_bg_r\":\"\",\"rex_effect_mirror_bg_g\":\"\",\"rex_effect_mirror_bg_b\":\"\"},\"rex_effect_header\":{\"rex_effect_header_download\":\"open_media\",\"rex_effect_header_cache\":\"no_cache\",\"rex_effect_header_filename\":\"filename\"},\"rex_effect_convert2img\":{\"rex_effect_convert2img_convert_to\":\"jpg\",\"rex_effect_convert2img_density\":\"150\"},\"rex_effect_mediapath\":{\"rex_effect_mediapath_mediapath\":\"\"}}', 1, '2018-05-21 13:22:31', 'admin', '2019-10-23 18:15:55', 'admin');
INSERT INTO `rex_media_manager_type_effect` (`type_id`, `effect`, `parameters`, `priority`, `createdate`, `createuser`, `updatedate`, `updateuser`) VALUES
( 112, 'focuspoint_fit', '{\"rex_effect_rounded_corners\":{\"rex_effect_rounded_corners_topleft\":\"\",\"rex_effect_rounded_corners_topright\":\"\",\"rex_effect_rounded_corners_bottomleft\":\"\",\"rex_effect_rounded_corners_bottomright\":\"\"},\"rex_effect_workspace\":{\"rex_effect_workspace_set_transparent\":\"colored\",\"rex_effect_workspace_width\":\"\",\"rex_effect_workspace_height\":\"\",\"rex_effect_workspace_hpos\":\"left\",\"rex_effect_workspace_vpos\":\"top\",\"rex_effect_workspace_padding_x\":\"0\",\"rex_effect_workspace_padding_y\":\"0\",\"rex_effect_workspace_bg_r\":\"\",\"rex_effect_workspace_bg_g\":\"\",\"rex_effect_workspace_bg_b\":\"\",\"rex_effect_workspace_bgimage\":\"\"},\"rex_effect_crop\":{\"rex_effect_crop_width\":\"\",\"rex_effect_crop_height\":\"\",\"rex_effect_crop_offset_width\":\"\",\"rex_effect_crop_offset_height\":\"\",\"rex_effect_crop_hpos\":\"center\",\"rex_effect_crop_vpos\":\"middle\"},\"rex_effect_insert_image\":{\"rex_effect_insert_image_brandimage\":\"\",\"rex_effect_insert_image_hpos\":\"left\",\"rex_effect_insert_image_vpos\":\"top\",\"rex_effect_insert_image_padding_x\":\"-10\",\"rex_effect_insert_image_padding_y\":\"-10\"},\"rex_effect_rotate\":{\"rex_effect_rotate_rotate\":\"0\"},\"rex_effect_filter_colorize\":{\"rex_effect_filter_colorize_filter_r\":\"\",\"rex_effect_filter_colorize_filter_g\":\"\",\"rex_effect_filter_colorize_filter_b\":\"\"},\"rex_effect_image_properties\":{\"rex_effect_image_properties_jpg_quality\":\"\",\"rex_effect_image_properties_png_compression\":\"\",\"rex_effect_image_properties_webp_quality\":\"\",\"rex_effect_image_properties_avif_quality\":\"\",\"rex_effect_image_properties_avif_speed\":\"\",\"rex_effect_image_properties_interlace\":null},\"rex_effect_focuspoint_fit\":{\"rex_effect_focuspoint_fit_meta\":\"med_focuspoint\",\"rex_effect_focuspoint_fit_focus\":\"50.0,50.0\",\"rex_effect_focuspoint_fit_width\":\"480\",\"rex_effect_focuspoint_fit_height\":\"433\",\"rex_effect_focuspoint_fit_zoom\":\"100%\"},\"rex_effect_filter_brightness\":{\"rex_effect_filter_brightness_brightness\":\"\"},\"rex_effect_flip\":{\"rex_effect_flip_flip\":\"X\"},\"rex_effect_image_format\":{\"rex_effect_image_format_convert_to\":\"webp\"},\"rex_effect_filter_contrast\":{\"rex_effect_filter_contrast_contrast\":\"\"},\"rex_effect_filter_sharpen\":{\"rex_effect_filter_sharpen_amount\":\"80\",\"rex_effect_filter_sharpen_radius\":\"0.5\",\"rex_effect_filter_sharpen_threshold\":\"3\"},\"rex_effect_resize\":{\"rex_effect_resize_width\":\"\",\"rex_effect_resize_height\":\"\",\"rex_effect_resize_style\":\"maximum\",\"rex_effect_resize_allow_enlarge\":\"enlarge\"},\"rex_effect_filter_blur\":{\"rex_effect_filter_blur_repeats\":\"10\",\"rex_effect_filter_blur_type\":\"gaussian\",\"rex_effect_filter_blur_smoothit\":\"\"},\"rex_effect_mirror\":{\"rex_effect_mirror_height\":\"\",\"rex_effect_mirror_opacity\":\"100\",\"rex_effect_mirror_set_transparent\":\"colored\",\"rex_effect_mirror_bg_r\":\"\",\"rex_effect_mirror_bg_g\":\"\",\"rex_effect_mirror_bg_b\":\"\"},\"rex_effect_header\":{\"rex_effect_header_download\":\"open_media\",\"rex_effect_header_cache\":\"no_cache\",\"rex_effect_header_filename\":\"filename\",\"rex_effect_header_index\":\"index\"},\"rex_effect_convert2img\":{\"rex_effect_convert2img_convert_to\":\"jpg\",\"rex_effect_convert2img_density\":\"150\",\"rex_effect_convert2img_color\":\"\"},\"rex_effect_mediapath\":{\"rex_effect_mediapath_mediapath\":\"\"}}', 1, '2019-10-23 18:09:42', 'admin', '2023-06-02 14:09:37', 'admin'),
( 113, 'focuspoint_fit', '{\"rex_effect_rounded_corners\":{\"rex_effect_rounded_corners_topleft\":\"\",\"rex_effect_rounded_corners_topright\":\"\",\"rex_effect_rounded_corners_bottomleft\":\"\",\"rex_effect_rounded_corners_bottomright\":\"\"},\"rex_effect_workspace\":{\"rex_effect_workspace_set_transparent\":\"colored\",\"rex_effect_workspace_width\":\"\",\"rex_effect_workspace_height\":\"\",\"rex_effect_workspace_hpos\":\"left\",\"rex_effect_workspace_vpos\":\"top\",\"rex_effect_workspace_padding_x\":\"0\",\"rex_effect_workspace_padding_y\":\"0\",\"rex_effect_workspace_bg_r\":\"\",\"rex_effect_workspace_bg_g\":\"\",\"rex_effect_workspace_bg_b\":\"\",\"rex_effect_workspace_bgimage\":\"\"},\"rex_effect_crop\":{\"rex_effect_crop_width\":\"\",\"rex_effect_crop_height\":\"\",\"rex_effect_crop_offset_width\":\"\",\"rex_effect_crop_offset_height\":\"\",\"rex_effect_crop_hpos\":\"center\",\"rex_effect_crop_vpos\":\"middle\"},\"rex_effect_insert_image\":{\"rex_effect_insert_image_brandimage\":\"\",\"rex_effect_insert_image_hpos\":\"left\",\"rex_effect_insert_image_vpos\":\"top\",\"rex_effect_insert_image_padding_x\":\"-10\",\"rex_effect_insert_image_padding_y\":\"-10\"},\"rex_effect_rotate\":{\"rex_effect_rotate_rotate\":\"0\"},\"rex_effect_filter_colorize\":{\"rex_effect_filter_colorize_filter_r\":\"\",\"rex_effect_filter_colorize_filter_g\":\"\",\"rex_effect_filter_colorize_filter_b\":\"\"},\"rex_effect_image_properties\":{\"rex_effect_image_properties_jpg_quality\":\"\",\"rex_effect_image_properties_png_compression\":\"\",\"rex_effect_image_properties_webp_quality\":\"\",\"rex_effect_image_properties_avif_quality\":\"\",\"rex_effect_image_properties_avif_speed\":\"\",\"rex_effect_image_properties_interlace\":null},\"rex_effect_focuspoint_fit\":{\"rex_effect_focuspoint_fit_meta\":\"med_focuspoint\",\"rex_effect_focuspoint_fit_focus\":\"50.0,50.0\",\"rex_effect_focuspoint_fit_width\":\"272\",\"rex_effect_focuspoint_fit_height\":\"245\",\"rex_effect_focuspoint_fit_zoom\":\"100%\"},\"rex_effect_filter_brightness\":{\"rex_effect_filter_brightness_brightness\":\"\"},\"rex_effect_flip\":{\"rex_effect_flip_flip\":\"X\"},\"rex_effect_image_format\":{\"rex_effect_image_format_convert_to\":\"webp\"},\"rex_effect_filter_contrast\":{\"rex_effect_filter_contrast_contrast\":\"\"},\"rex_effect_filter_sharpen\":{\"rex_effect_filter_sharpen_amount\":\"80\",\"rex_effect_filter_sharpen_radius\":\"0.5\",\"rex_effect_filter_sharpen_threshold\":\"3\"},\"rex_effect_resize\":{\"rex_effect_resize_width\":\"\",\"rex_effect_resize_height\":\"\",\"rex_effect_resize_style\":\"maximum\",\"rex_effect_resize_allow_enlarge\":\"enlarge\"},\"rex_effect_filter_blur\":{\"rex_effect_filter_blur_repeats\":\"10\",\"rex_effect_filter_blur_type\":\"gaussian\",\"rex_effect_filter_blur_smoothit\":\"\"},\"rex_effect_mirror\":{\"rex_effect_mirror_height\":\"\",\"rex_effect_mirror_opacity\":\"100\",\"rex_effect_mirror_set_transparent\":\"colored\",\"rex_effect_mirror_bg_r\":\"\",\"rex_effect_mirror_bg_g\":\"\",\"rex_effect_mirror_bg_b\":\"\"},\"rex_effect_header\":{\"rex_effect_header_download\":\"open_media\",\"rex_effect_header_cache\":\"no_cache\",\"rex_effect_header_filename\":\"filename\",\"rex_effect_header_index\":\"index\"},\"rex_effect_convert2img\":{\"rex_effect_convert2img_convert_to\":\"jpg\",\"rex_effect_convert2img_density\":\"150\",\"rex_effect_convert2img_color\":\"\"},\"rex_effect_mediapath\":{\"rex_effect_mediapath_mediapath\":\"\"}}', 1, '2019-10-23 18:09:44', 'admin', '2023-06-02 14:10:36', 'admin');
INSERT INTO `rex_media_manager_type_effect` (`type_id`, `effect`, `parameters`, `priority`, `createdate`, `createuser`, `updatedate`, `updateuser`) VALUES
( 115, 'focuspoint_fit', '{\"rex_effect_rounded_corners\":{\"rex_effect_rounded_corners_topleft\":\"\",\"rex_effect_rounded_corners_topright\":\"\",\"rex_effect_rounded_corners_bottomleft\":\"\",\"rex_effect_rounded_corners_bottomright\":\"\"},\"rex_effect_workspace\":{\"rex_effect_workspace_set_transparent\":\"colored\",\"rex_effect_workspace_width\":\"\",\"rex_effect_workspace_height\":\"\",\"rex_effect_workspace_hpos\":\"left\",\"rex_effect_workspace_vpos\":\"top\",\"rex_effect_workspace_padding_x\":\"0\",\"rex_effect_workspace_padding_y\":\"0\",\"rex_effect_workspace_bg_r\":\"\",\"rex_effect_workspace_bg_g\":\"\",\"rex_effect_workspace_bg_b\":\"\",\"rex_effect_workspace_bgimage\":\"\"},\"rex_effect_crop\":{\"rex_effect_crop_width\":\"\",\"rex_effect_crop_height\":\"\",\"rex_effect_crop_offset_width\":\"\",\"rex_effect_crop_offset_height\":\"\",\"rex_effect_crop_hpos\":\"center\",\"rex_effect_crop_vpos\":\"middle\"},\"rex_effect_insert_image\":{\"rex_effect_insert_image_brandimage\":\"\",\"rex_effect_insert_image_hpos\":\"left\",\"rex_effect_insert_image_vpos\":\"top\",\"rex_effect_insert_image_padding_x\":\"-10\",\"rex_effect_insert_image_padding_y\":\"-10\"},\"rex_effect_rotate\":{\"rex_effect_rotate_rotate\":\"0\"},\"rex_effect_filter_colorize\":{\"rex_effect_filter_colorize_filter_r\":\"\",\"rex_effect_filter_colorize_filter_g\":\"\",\"rex_effect_filter_colorize_filter_b\":\"\"},\"rex_effect_image_properties\":{\"rex_effect_image_properties_jpg_quality\":\"\",\"rex_effect_image_properties_png_compression\":\"\",\"rex_effect_image_properties_webp_quality\":\"\",\"rex_effect_image_properties_avif_quality\":\"\",\"rex_effect_image_properties_avif_speed\":\"\",\"rex_effect_image_properties_interlace\":null},\"rex_effect_focuspoint_fit\":{\"rex_effect_focuspoint_fit_meta\":\"med_focuspoint\",\"rex_effect_focuspoint_fit_focus\":\"50.0,50.0\",\"rex_effect_focuspoint_fit_width\":\"371\",\"rex_effect_focuspoint_fit_height\":\"335\",\"rex_effect_focuspoint_fit_zoom\":\"100%\"},\"rex_effect_filter_brightness\":{\"rex_effect_filter_brightness_brightness\":\"\"},\"rex_effect_flip\":{\"rex_effect_flip_flip\":\"X\"},\"rex_effect_image_format\":{\"rex_effect_image_format_convert_to\":\"webp\"},\"rex_effect_filter_contrast\":{\"rex_effect_filter_contrast_contrast\":\"\"},\"rex_effect_filter_sharpen\":{\"rex_effect_filter_sharpen_amount\":\"80\",\"rex_effect_filter_sharpen_radius\":\"0.5\",\"rex_effect_filter_sharpen_threshold\":\"3\"},\"rex_effect_resize\":{\"rex_effect_resize_width\":\"\",\"rex_effect_resize_height\":\"\",\"rex_effect_resize_style\":\"maximum\",\"rex_effect_resize_allow_enlarge\":\"enlarge\"},\"rex_effect_filter_blur\":{\"rex_effect_filter_blur_repeats\":\"10\",\"rex_effect_filter_blur_type\":\"gaussian\",\"rex_effect_filter_blur_smoothit\":\"\"},\"rex_effect_mirror\":{\"rex_effect_mirror_height\":\"\",\"rex_effect_mirror_opacity\":\"100\",\"rex_effect_mirror_set_transparent\":\"colored\",\"rex_effect_mirror_bg_r\":\"\",\"rex_effect_mirror_bg_g\":\"\",\"rex_effect_mirror_bg_b\":\"\"},\"rex_effect_header\":{\"rex_effect_header_download\":\"open_media\",\"rex_effect_header_cache\":\"no_cache\",\"rex_effect_header_filename\":\"filename\",\"rex_effect_header_index\":\"index\"},\"rex_effect_convert2img\":{\"rex_effect_convert2img_convert_to\":\"jpg\",\"rex_effect_convert2img_density\":\"150\",\"rex_effect_convert2img_color\":\"\"},\"rex_effect_mediapath\":{\"rex_effect_mediapath_mediapath\":\"\"}}', 1, '2019-10-23 18:09:48', 'admin', '2023-06-02 14:10:14', 'admin'),
( 116, 'focuspoint_fit', '{\"rex_effect_rounded_corners\":{\"rex_effect_rounded_corners_topleft\":\"\",\"rex_effect_rounded_corners_topright\":\"\",\"rex_effect_rounded_corners_bottomleft\":\"\",\"rex_effect_rounded_corners_bottomright\":\"\"},\"rex_effect_workspace\":{\"rex_effect_workspace_set_transparent\":\"colored\",\"rex_effect_workspace_width\":\"\",\"rex_effect_workspace_height\":\"\",\"rex_effect_workspace_hpos\":\"left\",\"rex_effect_workspace_vpos\":\"top\",\"rex_effect_workspace_padding_x\":\"0\",\"rex_effect_workspace_padding_y\":\"0\",\"rex_effect_workspace_bg_r\":\"\",\"rex_effect_workspace_bg_g\":\"\",\"rex_effect_workspace_bg_b\":\"\",\"rex_effect_workspace_bgimage\":\"\"},\"rex_effect_crop\":{\"rex_effect_crop_width\":\"\",\"rex_effect_crop_height\":\"\",\"rex_effect_crop_offset_width\":\"\",\"rex_effect_crop_offset_height\":\"\",\"rex_effect_crop_hpos\":\"center\",\"rex_effect_crop_vpos\":\"middle\"},\"rex_effect_insert_image\":{\"rex_effect_insert_image_brandimage\":\"\",\"rex_effect_insert_image_hpos\":\"left\",\"rex_effect_insert_image_vpos\":\"top\",\"rex_effect_insert_image_padding_x\":\"-10\",\"rex_effect_insert_image_padding_y\":\"-10\"},\"rex_effect_rotate\":{\"rex_effect_rotate_rotate\":\"0\"},\"rex_effect_filter_colorize\":{\"rex_effect_filter_colorize_filter_r\":\"\",\"rex_effect_filter_colorize_filter_g\":\"\",\"rex_effect_filter_colorize_filter_b\":\"\"},\"rex_effect_image_properties\":{\"rex_effect_image_properties_jpg_quality\":\"\",\"rex_effect_image_properties_png_compression\":\"\",\"rex_effect_image_properties_webp_quality\":\"\",\"rex_effect_image_properties_avif_quality\":\"\",\"rex_effect_image_properties_avif_speed\":\"\",\"rex_effect_image_properties_interlace\":null},\"rex_effect_focuspoint_fit\":{\"rex_effect_focuspoint_fit_meta\":\"med_focuspoint\",\"rex_effect_focuspoint_fit_focus\":\"50.0,50.0\",\"rex_effect_focuspoint_fit_width\":\"569\",\"rex_effect_focuspoint_fit_height\":\"513\",\"rex_effect_focuspoint_fit_zoom\":\"100%\"},\"rex_effect_filter_brightness\":{\"rex_effect_filter_brightness_brightness\":\"\"},\"rex_effect_flip\":{\"rex_effect_flip_flip\":\"X\"},\"rex_effect_image_format\":{\"rex_effect_image_format_convert_to\":\"webp\"},\"rex_effect_filter_contrast\":{\"rex_effect_filter_contrast_contrast\":\"\"},\"rex_effect_filter_sharpen\":{\"rex_effect_filter_sharpen_amount\":\"80\",\"rex_effect_filter_sharpen_radius\":\"0.5\",\"rex_effect_filter_sharpen_threshold\":\"3\"},\"rex_effect_resize\":{\"rex_effect_resize_width\":\"\",\"rex_effect_resize_height\":\"\",\"rex_effect_resize_style\":\"maximum\",\"rex_effect_resize_allow_enlarge\":\"enlarge\"},\"rex_effect_filter_blur\":{\"rex_effect_filter_blur_repeats\":\"10\",\"rex_effect_filter_blur_type\":\"gaussian\",\"rex_effect_filter_blur_smoothit\":\"\"},\"rex_effect_mirror\":{\"rex_effect_mirror_height\":\"\",\"rex_effect_mirror_opacity\":\"100\",\"rex_effect_mirror_set_transparent\":\"colored\",\"rex_effect_mirror_bg_r\":\"\",\"rex_effect_mirror_bg_g\":\"\",\"rex_effect_mirror_bg_b\":\"\"},\"rex_effect_header\":{\"rex_effect_header_download\":\"open_media\",\"rex_effect_header_cache\":\"no_cache\",\"rex_effect_header_filename\":\"filename\",\"rex_effect_header_index\":\"index\"},\"rex_effect_convert2img\":{\"rex_effect_convert2img_convert_to\":\"jpg\",\"rex_effect_convert2img_density\":\"150\",\"rex_effect_convert2img_color\":\"\"},\"rex_effect_mediapath\":{\"rex_effect_mediapath_mediapath\":\"\"}}', 1, '2019-10-23 18:09:49', 'admin', '2023-06-02 14:10:05', 'admin'),
( 117, 'focuspoint_fit', '{\"rex_effect_rounded_corners\":{\"rex_effect_rounded_corners_topleft\":\"\",\"rex_effect_rounded_corners_topright\":\"\",\"rex_effect_rounded_corners_bottomleft\":\"\",\"rex_effect_rounded_corners_bottomright\":\"\"},\"rex_effect_workspace\":{\"rex_effect_workspace_set_transparent\":\"colored\",\"rex_effect_workspace_width\":\"\",\"rex_effect_workspace_height\":\"\",\"rex_effect_workspace_hpos\":\"left\",\"rex_effect_workspace_vpos\":\"top\",\"rex_effect_workspace_padding_x\":\"0\",\"rex_effect_workspace_padding_y\":\"0\",\"rex_effect_workspace_bg_r\":\"\",\"rex_effect_workspace_bg_g\":\"\",\"rex_effect_workspace_bg_b\":\"\",\"rex_effect_workspace_bgimage\":\"\"},\"rex_effect_crop\":{\"rex_effect_crop_width\":\"\",\"rex_effect_crop_height\":\"\",\"rex_effect_crop_offset_width\":\"\",\"rex_effect_crop_offset_height\":\"\",\"rex_effect_crop_hpos\":\"center\",\"rex_effect_crop_vpos\":\"middle\"},\"rex_effect_insert_image\":{\"rex_effect_insert_image_brandimage\":\"\",\"rex_effect_insert_image_hpos\":\"left\",\"rex_effect_insert_image_vpos\":\"top\",\"rex_effect_insert_image_padding_x\":\"-10\",\"rex_effect_insert_image_padding_y\":\"-10\"},\"rex_effect_rotate\":{\"rex_effect_rotate_rotate\":\"0\"},\"rex_effect_filter_colorize\":{\"rex_effect_filter_colorize_filter_r\":\"\",\"rex_effect_filter_colorize_filter_g\":\"\",\"rex_effect_filter_colorize_filter_b\":\"\"},\"rex_effect_image_properties\":{\"rex_effect_image_properties_jpg_quality\":\"\",\"rex_effect_image_properties_png_compression\":\"\",\"rex_effect_image_properties_webp_quality\":\"\",\"rex_effect_image_properties_avif_quality\":\"\",\"rex_effect_image_properties_avif_speed\":\"\",\"rex_effect_image_properties_interlace\":null},\"rex_effect_focuspoint_fit\":{\"rex_effect_focuspoint_fit_meta\":\"med_focuspoint\",\"rex_effect_focuspoint_fit_focus\":\"50.0,50.0\",\"rex_effect_focuspoint_fit_width\":\"767\",\"rex_effect_focuspoint_fit_height\":\"692\",\"rex_effect_focuspoint_fit_zoom\":\"100%\"},\"rex_effect_filter_brightness\":{\"rex_effect_filter_brightness_brightness\":\"\"},\"rex_effect_flip\":{\"rex_effect_flip_flip\":\"X\"},\"rex_effect_image_format\":{\"rex_effect_image_format_convert_to\":\"webp\"},\"rex_effect_filter_contrast\":{\"rex_effect_filter_contrast_contrast\":\"\"},\"rex_effect_filter_sharpen\":{\"rex_effect_filter_sharpen_amount\":\"80\",\"rex_effect_filter_sharpen_radius\":\"0.5\",\"rex_effect_filter_sharpen_threshold\":\"3\"},\"rex_effect_resize\":{\"rex_effect_resize_width\":\"\",\"rex_effect_resize_height\":\"\",\"rex_effect_resize_style\":\"maximum\",\"rex_effect_resize_allow_enlarge\":\"enlarge\"},\"rex_effect_filter_blur\":{\"rex_effect_filter_blur_repeats\":\"10\",\"rex_effect_filter_blur_type\":\"gaussian\",\"rex_effect_filter_blur_smoothit\":\"\"},\"rex_effect_mirror\":{\"rex_effect_mirror_height\":\"\",\"rex_effect_mirror_opacity\":\"100\",\"rex_effect_mirror_set_transparent\":\"colored\",\"rex_effect_mirror_bg_r\":\"\",\"rex_effect_mirror_bg_g\":\"\",\"rex_effect_mirror_bg_b\":\"\"},\"rex_effect_header\":{\"rex_effect_header_download\":\"open_media\",\"rex_effect_header_cache\":\"no_cache\",\"rex_effect_header_filename\":\"filename\",\"rex_effect_header_index\":\"index\"},\"rex_effect_convert2img\":{\"rex_effect_convert2img_convert_to\":\"jpg\",\"rex_effect_convert2img_density\":\"150\",\"rex_effect_convert2img_color\":\"\"},\"rex_effect_mediapath\":{\"rex_effect_mediapath_mediapath\":\"\"}}', 1, '2019-10-23 18:09:51', 'admin', '2023-06-02 14:09:49', 'admin'),
( 18, 'focuspoint_fit', '{\"rex_effect_rounded_corners\":{\"rex_effect_rounded_corners_topleft\":\"\",\"rex_effect_rounded_corners_topright\":\"\",\"rex_effect_rounded_corners_bottomleft\":\"\",\"rex_effect_rounded_corners_bottomright\":\"\"},\"rex_effect_workspace\":{\"rex_effect_workspace_width\":\"\",\"rex_effect_workspace_height\":\"\",\"rex_effect_workspace_hpos\":\"left\",\"rex_effect_workspace_vpos\":\"top\",\"rex_effect_workspace_set_transparent\":\"colored\",\"rex_effect_workspace_bg_r\":\"\",\"rex_effect_workspace_bg_g\":\"\",\"rex_effect_workspace_bg_b\":\"\"},\"rex_effect_crop\":{\"rex_effect_crop_width\":\"\",\"rex_effect_crop_height\":\"\",\"rex_effect_crop_offset_width\":\"\",\"rex_effect_crop_offset_height\":\"\",\"rex_effect_crop_hpos\":\"center\",\"rex_effect_crop_vpos\":\"middle\"},\"rex_effect_insert_image\":{\"rex_effect_insert_image_brandimage\":\"\",\"rex_effect_insert_image_hpos\":\"left\",\"rex_effect_insert_image_vpos\":\"top\",\"rex_effect_insert_image_padding_x\":\"-10\",\"rex_effect_insert_image_padding_y\":\"-10\"},\"rex_effect_rotate\":{\"rex_effect_rotate_rotate\":\"0\"},\"rex_effect_filter_colorize\":{\"rex_effect_filter_colorize_filter_r\":\"\",\"rex_effect_filter_colorize_filter_g\":\"\",\"rex_effect_filter_colorize_filter_b\":\"\"},\"rex_effect_image_properties\":{\"rex_effect_image_properties_jpg_quality\":\"\",\"rex_effect_image_properties_png_compression\":\"\",\"rex_effect_image_properties_webp_quality\":\"\",\"rex_effect_image_properties_interlace\":null},\"rex_effect_focuspoint_fit\":{\"rex_effect_focuspoint_fit_meta\":\"med_focuspoint\",\"rex_effect_focuspoint_fit_focus\":\"50.0,50.0\",\"rex_effect_focuspoint_fit_width\":\"1163\",\"rex_effect_focuspoint_fit_height\":\"\",\"rex_effect_focuspoint_fit_zoom\":\"100%\"},\"rex_effect_filter_brightness\":{\"rex_effect_filter_brightness_brightness\":\"\"},\"rex_effect_flip\":{\"rex_effect_flip_flip\":\"X\"},\"rex_effect_filter_contrast\":{\"rex_effect_filter_contrast_contrast\":\"\"},\"rex_effect_filter_sharpen\":{\"rex_effect_filter_sharpen_amount\":\"80\",\"rex_effect_filter_sharpen_radius\":\"0.5\",\"rex_effect_filter_sharpen_threshold\":\"3\"},\"rex_effect_resize\":{\"rex_effect_resize_width\":\"\",\"rex_effect_resize_height\":\"\",\"rex_effect_resize_style\":\"maximum\",\"rex_effect_resize_allow_enlarge\":\"enlarge\"},\"rex_effect_filter_blur\":{\"rex_effect_filter_blur_repeats\":\"10\",\"rex_effect_filter_blur_type\":\"gaussian\",\"rex_effect_filter_blur_smoothit\":\"\"},\"rex_effect_mirror\":{\"rex_effect_mirror_height\":\"\",\"rex_effect_mirror_set_transparent\":\"colored\",\"rex_effect_mirror_bg_r\":\"\",\"rex_effect_mirror_bg_g\":\"\",\"rex_effect_mirror_bg_b\":\"\"},\"rex_effect_header\":{\"rex_effect_header_download\":\"open_media\",\"rex_effect_header_cache\":\"no_cache\",\"rex_effect_header_filename\":\"filename\"},\"rex_effect_convert2img\":{\"rex_effect_convert2img_convert_to\":\"jpg\",\"rex_effect_convert2img_density\":\"150\"},\"rex_effect_mediapath\":{\"rex_effect_mediapath_mediapath\":\"\"}}', 1, '2019-10-23 18:13:33', 'admin', '2019-10-23 18:15:49', 'admin'),
( 114, 'focuspoint_fit', '{\"rex_effect_rounded_corners\":{\"rex_effect_rounded_corners_topleft\":\"\",\"rex_effect_rounded_corners_topright\":\"\",\"rex_effect_rounded_corners_bottomleft\":\"\",\"rex_effect_rounded_corners_bottomright\":\"\"},\"rex_effect_workspace\":{\"rex_effect_workspace_set_transparent\":\"colored\",\"rex_effect_workspace_width\":\"\",\"rex_effect_workspace_height\":\"\",\"rex_effect_workspace_hpos\":\"left\",\"rex_effect_workspace_vpos\":\"top\",\"rex_effect_workspace_padding_x\":\"0\",\"rex_effect_workspace_padding_y\":\"0\",\"rex_effect_workspace_bg_r\":\"\",\"rex_effect_workspace_bg_g\":\"\",\"rex_effect_workspace_bg_b\":\"\",\"rex_effect_workspace_bgimage\":\"\"},\"rex_effect_crop\":{\"rex_effect_crop_width\":\"\",\"rex_effect_crop_height\":\"\",\"rex_effect_crop_offset_width\":\"\",\"rex_effect_crop_offset_height\":\"\",\"rex_effect_crop_hpos\":\"center\",\"rex_effect_crop_vpos\":\"middle\"},\"rex_effect_insert_image\":{\"rex_effect_insert_image_brandimage\":\"\",\"rex_effect_insert_image_hpos\":\"left\",\"rex_effect_insert_image_vpos\":\"top\",\"rex_effect_insert_image_padding_x\":\"-10\",\"rex_effect_insert_image_padding_y\":\"-10\"},\"rex_effect_rotate\":{\"rex_effect_rotate_rotate\":\"0\"},\"rex_effect_filter_colorize\":{\"rex_effect_filter_colorize_filter_r\":\"\",\"rex_effect_filter_colorize_filter_g\":\"\",\"rex_effect_filter_colorize_filter_b\":\"\"},\"rex_effect_image_properties\":{\"rex_effect_image_properties_jpg_quality\":\"\",\"rex_effect_image_properties_png_compression\":\"\",\"rex_effect_image_properties_webp_quality\":\"\",\"rex_effect_image_properties_avif_quality\":\"\",\"rex_effect_image_properties_avif_speed\":\"\",\"rex_effect_image_properties_interlace\":null},\"rex_effect_focuspoint_fit\":{\"rex_effect_focuspoint_fit_meta\":\"med_focuspoint\",\"rex_effect_focuspoint_fit_focus\":\"50.0,50.0\",\"rex_effect_focuspoint_fit_width\":\"1163\",\"rex_effect_focuspoint_fit_height\":\"1049\",\"rex_effect_focuspoint_fit_zoom\":\"100%\"},\"rex_effect_filter_brightness\":{\"rex_effect_filter_brightness_brightness\":\"\"},\"rex_effect_flip\":{\"rex_effect_flip_flip\":\"X\"},\"rex_effect_image_format\":{\"rex_effect_image_format_convert_to\":\"webp\"},\"rex_effect_filter_contrast\":{\"rex_effect_filter_contrast_contrast\":\"\"},\"rex_effect_filter_sharpen\":{\"rex_effect_filter_sharpen_amount\":\"80\",\"rex_effect_filter_sharpen_radius\":\"0.5\",\"rex_effect_filter_sharpen_threshold\":\"3\"},\"rex_effect_resize\":{\"rex_effect_resize_width\":\"\",\"rex_effect_resize_height\":\"\",\"rex_effect_resize_style\":\"maximum\",\"rex_effect_resize_allow_enlarge\":\"enlarge\"},\"rex_effect_filter_blur\":{\"rex_effect_filter_blur_repeats\":\"10\",\"rex_effect_filter_blur_type\":\"gaussian\",\"rex_effect_filter_blur_smoothit\":\"\"},\"rex_effect_mirror\":{\"rex_effect_mirror_height\":\"\",\"rex_effect_mirror_opacity\":\"100\",\"rex_effect_mirror_set_transparent\":\"colored\",\"rex_effect_mirror_bg_r\":\"\",\"rex_effect_mirror_bg_g\":\"\",\"rex_effect_mirror_bg_b\":\"\"},\"rex_effect_header\":{\"rex_effect_header_download\":\"open_media\",\"rex_effect_header_cache\":\"no_cache\",\"rex_effect_header_filename\":\"filename\",\"rex_effect_header_index\":\"index\"},\"rex_effect_convert2img\":{\"rex_effect_convert2img_convert_to\":\"jpg\",\"rex_effect_convert2img_density\":\"150\",\"rex_effect_convert2img_color\":\"\"},\"rex_effect_mediapath\":{\"rex_effect_mediapath_mediapath\":\"\"}}', 1, '2019-10-23 18:22:11', 'admin', '2023-06-02 14:10:26', 'admin'),
( 118, 'focuspoint_fit', '{\"rex_effect_rounded_corners\":{\"rex_effect_rounded_corners_topleft\":\"\",\"rex_effect_rounded_corners_topright\":\"\",\"rex_effect_rounded_corners_bottomleft\":\"\",\"rex_effect_rounded_corners_bottomright\":\"\"},\"rex_effect_workspace\":{\"rex_effect_workspace_width\":\"\",\"rex_effect_workspace_height\":\"\",\"rex_effect_workspace_hpos\":\"left\",\"rex_effect_workspace_vpos\":\"top\",\"rex_effect_workspace_set_transparent\":\"colored\",\"rex_effect_workspace_bg_r\":\"\",\"rex_effect_workspace_bg_g\":\"\",\"rex_effect_workspace_bg_b\":\"\"},\"rex_effect_crop\":{\"rex_effect_crop_width\":\"\",\"rex_effect_crop_height\":\"\",\"rex_effect_crop_offset_width\":\"\",\"rex_effect_crop_offset_height\":\"\",\"rex_effect_crop_hpos\":\"center\",\"rex_effect_crop_vpos\":\"middle\"},\"rex_effect_insert_image\":{\"rex_effect_insert_image_brandimage\":\"\",\"rex_effect_insert_image_hpos\":\"left\",\"rex_effect_insert_image_vpos\":\"top\",\"rex_effect_insert_image_padding_x\":\"-10\",\"rex_effect_insert_image_padding_y\":\"-10\"},\"rex_effect_rotate\":{\"rex_effect_rotate_rotate\":\"0\"},\"rex_effect_filter_colorize\":{\"rex_effect_filter_colorize_filter_r\":\"\",\"rex_effect_filter_colorize_filter_g\":\"\",\"rex_effect_filter_colorize_filter_b\":\"\"},\"rex_effect_image_properties\":{\"rex_effect_image_properties_jpg_quality\":\"\",\"rex_effect_image_properties_png_compression\":\"\",\"rex_effect_image_properties_webp_quality\":\"\",\"rex_effect_image_properties_interlace\":null},\"rex_effect_focuspoint_fit\":{\"rex_effect_focuspoint_fit_meta\":\"med_focuspoint\",\"rex_effect_focuspoint_fit_focus\":\"50.0,50.0\",\"rex_effect_focuspoint_fit_width\":\"1600\",\"rex_effect_focuspoint_fit_height\":\"\",\"rex_effect_focuspoint_fit_zoom\":\"100%\"},\"rex_effect_filter_brightness\":{\"rex_effect_filter_brightness_brightness\":\"\"},\"rex_effect_flip\":{\"rex_effect_flip_flip\":\"X\"},\"rex_effect_filter_contrast\":{\"rex_effect_filter_contrast_contrast\":\"\"},\"rex_effect_filter_sharpen\":{\"rex_effect_filter_sharpen_amount\":\"80\",\"rex_effect_filter_sharpen_radius\":\"0.5\",\"rex_effect_filter_sharpen_threshold\":\"3\"},\"rex_effect_resize\":{\"rex_effect_resize_width\":\"\",\"rex_effect_resize_height\":\"\",\"rex_effect_resize_style\":\"maximum\",\"rex_effect_resize_allow_enlarge\":\"enlarge\"},\"rex_effect_filter_blur\":{\"rex_effect_filter_blur_repeats\":\"10\",\"rex_effect_filter_blur_type\":\"gaussian\",\"rex_effect_filter_blur_smoothit\":\"\"},\"rex_effect_mirror\":{\"rex_effect_mirror_height\":\"\",\"rex_effect_mirror_opacity\":\"100\",\"rex_effect_mirror_set_transparent\":\"colored\",\"rex_effect_mirror_bg_r\":\"\",\"rex_effect_mirror_bg_g\":\"\",\"rex_effect_mirror_bg_b\":\"\"},\"rex_effect_header\":{\"rex_effect_header_download\":\"open_media\",\"rex_effect_header_cache\":\"no_cache\",\"rex_effect_header_filename\":\"filename\"},\"rex_effect_convert2img\":{\"rex_effect_convert2img_convert_to\":\"jpg\",\"rex_effect_convert2img_density\":\"150\",\"rex_effect_convert2img_color\":\"\"},\"rex_effect_mediapath\":{\"rex_effect_mediapath_mediapath\":\"\"}}', 1, '2019-12-17 16:33:33', 'admin', '2020-08-20 14:17:31', 'admin'),
( 119, 'focuspoint_fit', '{\"rex_effect_rounded_corners\":{\"rex_effect_rounded_corners_topleft\":\"\",\"rex_effect_rounded_corners_topright\":\"\",\"rex_effect_rounded_corners_bottomleft\":\"\",\"rex_effect_rounded_corners_bottomright\":\"\"},\"rex_effect_workspace\":{\"rex_effect_workspace_set_transparent\":\"colored\",\"rex_effect_workspace_width\":\"\",\"rex_effect_workspace_height\":\"\",\"rex_effect_workspace_hpos\":\"left\",\"rex_effect_workspace_vpos\":\"top\",\"rex_effect_workspace_padding_x\":\"0\",\"rex_effect_workspace_padding_y\":\"0\",\"rex_effect_workspace_bg_r\":\"\",\"rex_effect_workspace_bg_g\":\"\",\"rex_effect_workspace_bg_b\":\"\",\"rex_effect_workspace_bgimage\":\"\"},\"rex_effect_crop\":{\"rex_effect_crop_width\":\"\",\"rex_effect_crop_height\":\"\",\"rex_effect_crop_offset_width\":\"\",\"rex_effect_crop_offset_height\":\"\",\"rex_effect_crop_hpos\":\"center\",\"rex_effect_crop_vpos\":\"middle\"},\"rex_effect_insert_image\":{\"rex_effect_insert_image_brandimage\":\"\",\"rex_effect_insert_image_hpos\":\"left\",\"rex_effect_insert_image_vpos\":\"top\",\"rex_effect_insert_image_padding_x\":\"-10\",\"rex_effect_insert_image_padding_y\":\"-10\"},\"rex_effect_rotate\":{\"rex_effect_rotate_rotate\":\"0\"},\"rex_effect_filter_colorize\":{\"rex_effect_filter_colorize_filter_r\":\"\",\"rex_effect_filter_colorize_filter_g\":\"\",\"rex_effect_filter_colorize_filter_b\":\"\"},\"rex_effect_image_properties\":{\"rex_effect_image_properties_jpg_quality\":\"\",\"rex_effect_image_properties_png_compression\":\"\",\"rex_effect_image_properties_webp_quality\":\"\",\"rex_effect_image_properties_avif_quality\":\"\",\"rex_effect_image_properties_avif_speed\":\"\",\"rex_effect_image_properties_interlace\":null},\"rex_effect_focuspoint_fit\":{\"rex_effect_focuspoint_fit_meta\":\"med_focuspoint\",\"rex_effect_focuspoint_fit_focus\":\"50.0,50.0\",\"rex_effect_focuspoint_fit_width\":\"1600\",\"rex_effect_focuspoint_fit_height\":\"1443\",\"rex_effect_focuspoint_fit_zoom\":\"100%\"},\"rex_effect_filter_brightness\":{\"rex_effect_filter_brightness_brightness\":\"\"},\"rex_effect_flip\":{\"rex_effect_flip_flip\":\"X\"},\"rex_effect_image_format\":{\"rex_effect_image_format_convert_to\":\"webp\"},\"rex_effect_filter_contrast\":{\"rex_effect_filter_contrast_contrast\":\"\"},\"rex_effect_filter_sharpen\":{\"rex_effect_filter_sharpen_amount\":\"80\",\"rex_effect_filter_sharpen_radius\":\"0.5\",\"rex_effect_filter_sharpen_threshold\":\"3\"},\"rex_effect_resize\":{\"rex_effect_resize_width\":\"\",\"rex_effect_resize_height\":\"\",\"rex_effect_resize_style\":\"maximum\",\"rex_effect_resize_allow_enlarge\":\"enlarge\"},\"rex_effect_filter_blur\":{\"rex_effect_filter_blur_repeats\":\"10\",\"rex_effect_filter_blur_type\":\"gaussian\",\"rex_effect_filter_blur_smoothit\":\"\"},\"rex_effect_mirror\":{\"rex_effect_mirror_height\":\"\",\"rex_effect_mirror_opacity\":\"100\",\"rex_effect_mirror_set_transparent\":\"colored\",\"rex_effect_mirror_bg_r\":\"\",\"rex_effect_mirror_bg_g\":\"\",\"rex_effect_mirror_bg_b\":\"\"},\"rex_effect_header\":{\"rex_effect_header_download\":\"open_media\",\"rex_effect_header_cache\":\"no_cache\",\"rex_effect_header_filename\":\"filename\",\"rex_effect_header_index\":\"index\"},\"rex_effect_convert2img\":{\"rex_effect_convert2img_convert_to\":\"jpg\",\"rex_effect_convert2img_density\":\"150\",\"rex_effect_convert2img_color\":\"\"},\"rex_effect_mediapath\":{\"rex_effect_mediapath_mediapath\":\"\"}}', 1, '2019-12-17 16:34:17', 'admin', '2023-06-02 14:10:49', 'admin'),
( 122, 'focuspoint_fit', '{\"rex_effect_rounded_corners\":{\"rex_effect_rounded_corners_topleft\":\"\",\"rex_effect_rounded_corners_topright\":\"\",\"rex_effect_rounded_corners_bottomleft\":\"\",\"rex_effect_rounded_corners_bottomright\":\"\"},\"rex_effect_workspace\":{\"rex_effect_workspace_width\":\"\",\"rex_effect_workspace_height\":\"\",\"rex_effect_workspace_hpos\":\"left\",\"rex_effect_workspace_vpos\":\"top\",\"rex_effect_workspace_set_transparent\":\"colored\",\"rex_effect_workspace_bg_r\":\"\",\"rex_effect_workspace_bg_g\":\"\",\"rex_effect_workspace_bg_b\":\"\"},\"rex_effect_crop\":{\"rex_effect_crop_width\":\"\",\"rex_effect_crop_height\":\"\",\"rex_effect_crop_offset_width\":\"\",\"rex_effect_crop_offset_height\":\"\",\"rex_effect_crop_hpos\":\"center\",\"rex_effect_crop_vpos\":\"middle\"},\"rex_effect_insert_image\":{\"rex_effect_insert_image_brandimage\":\"\",\"rex_effect_insert_image_hpos\":\"left\",\"rex_effect_insert_image_vpos\":\"top\",\"rex_effect_insert_image_padding_x\":\"-10\",\"rex_effect_insert_image_padding_y\":\"-10\"},\"rex_effect_rotate\":{\"rex_effect_rotate_rotate\":\"0\"},\"rex_effect_filter_colorize\":{\"rex_effect_filter_colorize_filter_r\":\"\",\"rex_effect_filter_colorize_filter_g\":\"\",\"rex_effect_filter_colorize_filter_b\":\"\"},\"rex_effect_image_properties\":{\"rex_effect_image_properties_jpg_quality\":\"\",\"rex_effect_image_properties_png_compression\":\"\",\"rex_effect_image_properties_webp_quality\":\"\",\"rex_effect_image_properties_interlace\":null},\"rex_effect_focuspoint_fit\":{\"rex_effect_focuspoint_fit_meta\":\"med_focuspoint\",\"rex_effect_focuspoint_fit_focus\":\"50.0,50.0\",\"rex_effect_focuspoint_fit_width\":\"480\",\"rex_effect_focuspoint_fit_height\":\"480\",\"rex_effect_focuspoint_fit_zoom\":\"100%\"},\"rex_effect_filter_brightness\":{\"rex_effect_filter_brightness_brightness\":\"\"},\"rex_effect_flip\":{\"rex_effect_flip_flip\":\"X\"},\"rex_effect_image_format\":{\"rex_effect_image_format_convert_to\":\"webp\"},\"rex_effect_filter_contrast\":{\"rex_effect_filter_contrast_contrast\":\"\"},\"rex_effect_filter_sharpen\":{\"rex_effect_filter_sharpen_amount\":\"80\",\"rex_effect_filter_sharpen_radius\":\"0.5\",\"rex_effect_filter_sharpen_threshold\":\"3\"},\"rex_effect_resize\":{\"rex_effect_resize_width\":\"\",\"rex_effect_resize_height\":\"\",\"rex_effect_resize_style\":\"maximum\",\"rex_effect_resize_allow_enlarge\":\"enlarge\"},\"rex_effect_filter_blur\":{\"rex_effect_filter_blur_repeats\":\"10\",\"rex_effect_filter_blur_type\":\"gaussian\",\"rex_effect_filter_blur_smoothit\":\"\"},\"rex_effect_mirror\":{\"rex_effect_mirror_height\":\"\",\"rex_effect_mirror_opacity\":\"100\",\"rex_effect_mirror_set_transparent\":\"colored\",\"rex_effect_mirror_bg_r\":\"\",\"rex_effect_mirror_bg_g\":\"\",\"rex_effect_mirror_bg_b\":\"\"},\"rex_effect_header\":{\"rex_effect_header_download\":\"open_media\",\"rex_effect_header_cache\":\"no_cache\",\"rex_effect_header_filename\":\"filename\"},\"rex_effect_convert2img\":{\"rex_effect_convert2img_convert_to\":\"jpg\",\"rex_effect_convert2img_density\":\"150\",\"rex_effect_convert2img_color\":\"\"},\"rex_effect_mediapath\":{\"rex_effect_mediapath_mediapath\":\"\"}}', 1, '2020-04-15 17:04:05', 'admin', '2022-08-07 23:49:01', 'admin'),
( 123, 'focuspoint_fit', '{\"rex_effect_rounded_corners\":{\"rex_effect_rounded_corners_topleft\":\"\",\"rex_effect_rounded_corners_topright\":\"\",\"rex_effect_rounded_corners_bottomleft\":\"\",\"rex_effect_rounded_corners_bottomright\":\"\"},\"rex_effect_workspace\":{\"rex_effect_workspace_width\":\"\",\"rex_effect_workspace_height\":\"\",\"rex_effect_workspace_hpos\":\"left\",\"rex_effect_workspace_vpos\":\"top\",\"rex_effect_workspace_set_transparent\":\"colored\",\"rex_effect_workspace_bg_r\":\"\",\"rex_effect_workspace_bg_g\":\"\",\"rex_effect_workspace_bg_b\":\"\"},\"rex_effect_crop\":{\"rex_effect_crop_width\":\"\",\"rex_effect_crop_height\":\"\",\"rex_effect_crop_offset_width\":\"\",\"rex_effect_crop_offset_height\":\"\",\"rex_effect_crop_hpos\":\"center\",\"rex_effect_crop_vpos\":\"middle\"},\"rex_effect_insert_image\":{\"rex_effect_insert_image_brandimage\":\"\",\"rex_effect_insert_image_hpos\":\"left\",\"rex_effect_insert_image_vpos\":\"top\",\"rex_effect_insert_image_padding_x\":\"-10\",\"rex_effect_insert_image_padding_y\":\"-10\"},\"rex_effect_rotate\":{\"rex_effect_rotate_rotate\":\"0\"},\"rex_effect_filter_colorize\":{\"rex_effect_filter_colorize_filter_r\":\"\",\"rex_effect_filter_colorize_filter_g\":\"\",\"rex_effect_filter_colorize_filter_b\":\"\"},\"rex_effect_image_properties\":{\"rex_effect_image_properties_jpg_quality\":\"\",\"rex_effect_image_properties_png_compression\":\"\",\"rex_effect_image_properties_webp_quality\":\"\",\"rex_effect_image_properties_interlace\":null},\"rex_effect_focuspoint_fit\":{\"rex_effect_focuspoint_fit_meta\":\"med_focuspoint\",\"rex_effect_focuspoint_fit_focus\":\"50.0,50.0\",\"rex_effect_focuspoint_fit_width\":\"767\",\"rex_effect_focuspoint_fit_height\":\"767\",\"rex_effect_focuspoint_fit_zoom\":\"100%\"},\"rex_effect_filter_brightness\":{\"rex_effect_filter_brightness_brightness\":\"\"},\"rex_effect_flip\":{\"rex_effect_flip_flip\":\"X\"},\"rex_effect_image_format\":{\"rex_effect_image_format_convert_to\":\"webp\"},\"rex_effect_filter_contrast\":{\"rex_effect_filter_contrast_contrast\":\"\"},\"rex_effect_filter_sharpen\":{\"rex_effect_filter_sharpen_amount\":\"80\",\"rex_effect_filter_sharpen_radius\":\"0.5\",\"rex_effect_filter_sharpen_threshold\":\"3\"},\"rex_effect_resize\":{\"rex_effect_resize_width\":\"\",\"rex_effect_resize_height\":\"\",\"rex_effect_resize_style\":\"maximum\",\"rex_effect_resize_allow_enlarge\":\"enlarge\"},\"rex_effect_filter_blur\":{\"rex_effect_filter_blur_repeats\":\"10\",\"rex_effect_filter_blur_type\":\"gaussian\",\"rex_effect_filter_blur_smoothit\":\"\"},\"rex_effect_mirror\":{\"rex_effect_mirror_height\":\"\",\"rex_effect_mirror_opacity\":\"100\",\"rex_effect_mirror_set_transparent\":\"colored\",\"rex_effect_mirror_bg_r\":\"\",\"rex_effect_mirror_bg_g\":\"\",\"rex_effect_mirror_bg_b\":\"\"},\"rex_effect_header\":{\"rex_effect_header_download\":\"open_media\",\"rex_effect_header_cache\":\"no_cache\",\"rex_effect_header_filename\":\"filename\"},\"rex_effect_convert2img\":{\"rex_effect_convert2img_convert_to\":\"jpg\",\"rex_effect_convert2img_density\":\"150\",\"rex_effect_convert2img_color\":\"\"},\"rex_effect_mediapath\":{\"rex_effect_mediapath_mediapath\":\"\"}}', 1, '2020-04-15 17:04:06', 'admin', '2021-06-08 15:35:04', 'admin'),
( 124, 'focuspoint_fit', '{\"rex_effect_rounded_corners\":{\"rex_effect_rounded_corners_topleft\":\"\",\"rex_effect_rounded_corners_topright\":\"\",\"rex_effect_rounded_corners_bottomleft\":\"\",\"rex_effect_rounded_corners_bottomright\":\"\"},\"rex_effect_workspace\":{\"rex_effect_workspace_width\":\"\",\"rex_effect_workspace_height\":\"\",\"rex_effect_workspace_hpos\":\"left\",\"rex_effect_workspace_vpos\":\"top\",\"rex_effect_workspace_set_transparent\":\"colored\",\"rex_effect_workspace_bg_r\":\"\",\"rex_effect_workspace_bg_g\":\"\",\"rex_effect_workspace_bg_b\":\"\"},\"rex_effect_crop\":{\"rex_effect_crop_width\":\"\",\"rex_effect_crop_height\":\"\",\"rex_effect_crop_offset_width\":\"\",\"rex_effect_crop_offset_height\":\"\",\"rex_effect_crop_hpos\":\"center\",\"rex_effect_crop_vpos\":\"middle\"},\"rex_effect_insert_image\":{\"rex_effect_insert_image_brandimage\":\"\",\"rex_effect_insert_image_hpos\":\"left\",\"rex_effect_insert_image_vpos\":\"top\",\"rex_effect_insert_image_padding_x\":\"-10\",\"rex_effect_insert_image_padding_y\":\"-10\"},\"rex_effect_rotate\":{\"rex_effect_rotate_rotate\":\"0\"},\"rex_effect_filter_colorize\":{\"rex_effect_filter_colorize_filter_r\":\"\",\"rex_effect_filter_colorize_filter_g\":\"\",\"rex_effect_filter_colorize_filter_b\":\"\"},\"rex_effect_image_properties\":{\"rex_effect_image_properties_jpg_quality\":\"\",\"rex_effect_image_properties_png_compression\":\"\",\"rex_effect_image_properties_webp_quality\":\"\",\"rex_effect_image_properties_interlace\":null},\"rex_effect_focuspoint_fit\":{\"rex_effect_focuspoint_fit_meta\":\"med_focuspoint\",\"rex_effect_focuspoint_fit_focus\":\"50.0,50.0\",\"rex_effect_focuspoint_fit_width\":\"569\",\"rex_effect_focuspoint_fit_height\":\"569\",\"rex_effect_focuspoint_fit_zoom\":\"100%\"},\"rex_effect_filter_brightness\":{\"rex_effect_filter_brightness_brightness\":\"\"},\"rex_effect_flip\":{\"rex_effect_flip_flip\":\"X\"},\"rex_effect_image_format\":{\"rex_effect_image_format_convert_to\":\"webp\"},\"rex_effect_filter_contrast\":{\"rex_effect_filter_contrast_contrast\":\"\"},\"rex_effect_filter_sharpen\":{\"rex_effect_filter_sharpen_amount\":\"80\",\"rex_effect_filter_sharpen_radius\":\"0.5\",\"rex_effect_filter_sharpen_threshold\":\"3\"},\"rex_effect_resize\":{\"rex_effect_resize_width\":\"\",\"rex_effect_resize_height\":\"\",\"rex_effect_resize_style\":\"maximum\",\"rex_effect_resize_allow_enlarge\":\"enlarge\"},\"rex_effect_filter_blur\":{\"rex_effect_filter_blur_repeats\":\"10\",\"rex_effect_filter_blur_type\":\"gaussian\",\"rex_effect_filter_blur_smoothit\":\"\"},\"rex_effect_mirror\":{\"rex_effect_mirror_height\":\"\",\"rex_effect_mirror_opacity\":\"100\",\"rex_effect_mirror_set_transparent\":\"colored\",\"rex_effect_mirror_bg_r\":\"\",\"rex_effect_mirror_bg_g\":\"\",\"rex_effect_mirror_bg_b\":\"\"},\"rex_effect_header\":{\"rex_effect_header_download\":\"open_media\",\"rex_effect_header_cache\":\"no_cache\",\"rex_effect_header_filename\":\"filename\"},\"rex_effect_convert2img\":{\"rex_effect_convert2img_convert_to\":\"jpg\",\"rex_effect_convert2img_density\":\"150\",\"rex_effect_convert2img_color\":\"\"},\"rex_effect_mediapath\":{\"rex_effect_mediapath_mediapath\":\"\"}}', 1, '2020-04-15 17:04:08', 'admin', '2021-06-08 15:35:14', 'admin'),
( 125, 'focuspoint_fit', '{\"rex_effect_rounded_corners\":{\"rex_effect_rounded_corners_topleft\":\"\",\"rex_effect_rounded_corners_topright\":\"\",\"rex_effect_rounded_corners_bottomleft\":\"\",\"rex_effect_rounded_corners_bottomright\":\"\"},\"rex_effect_workspace\":{\"rex_effect_workspace_width\":\"\",\"rex_effect_workspace_height\":\"\",\"rex_effect_workspace_hpos\":\"left\",\"rex_effect_workspace_vpos\":\"top\",\"rex_effect_workspace_set_transparent\":\"colored\",\"rex_effect_workspace_bg_r\":\"\",\"rex_effect_workspace_bg_g\":\"\",\"rex_effect_workspace_bg_b\":\"\"},\"rex_effect_crop\":{\"rex_effect_crop_width\":\"\",\"rex_effect_crop_height\":\"\",\"rex_effect_crop_offset_width\":\"\",\"rex_effect_crop_offset_height\":\"\",\"rex_effect_crop_hpos\":\"center\",\"rex_effect_crop_vpos\":\"middle\"},\"rex_effect_insert_image\":{\"rex_effect_insert_image_brandimage\":\"\",\"rex_effect_insert_image_hpos\":\"left\",\"rex_effect_insert_image_vpos\":\"top\",\"rex_effect_insert_image_padding_x\":\"-10\",\"rex_effect_insert_image_padding_y\":\"-10\"},\"rex_effect_rotate\":{\"rex_effect_rotate_rotate\":\"0\"},\"rex_effect_filter_colorize\":{\"rex_effect_filter_colorize_filter_r\":\"\",\"rex_effect_filter_colorize_filter_g\":\"\",\"rex_effect_filter_colorize_filter_b\":\"\"},\"rex_effect_image_properties\":{\"rex_effect_image_properties_jpg_quality\":\"\",\"rex_effect_image_properties_png_compression\":\"\",\"rex_effect_image_properties_webp_quality\":\"\",\"rex_effect_image_properties_interlace\":null},\"rex_effect_focuspoint_fit\":{\"rex_effect_focuspoint_fit_meta\":\"med_focuspoint\",\"rex_effect_focuspoint_fit_focus\":\"50.0,50.0\",\"rex_effect_focuspoint_fit_width\":\"371\",\"rex_effect_focuspoint_fit_height\":\"371\",\"rex_effect_focuspoint_fit_zoom\":\"100%\"},\"rex_effect_filter_brightness\":{\"rex_effect_filter_brightness_brightness\":\"\"},\"rex_effect_flip\":{\"rex_effect_flip_flip\":\"X\"},\"rex_effect_image_format\":{\"rex_effect_image_format_convert_to\":\"webp\"},\"rex_effect_filter_contrast\":{\"rex_effect_filter_contrast_contrast\":\"\"},\"rex_effect_filter_sharpen\":{\"rex_effect_filter_sharpen_amount\":\"80\",\"rex_effect_filter_sharpen_radius\":\"0.5\",\"rex_effect_filter_sharpen_threshold\":\"3\"},\"rex_effect_resize\":{\"rex_effect_resize_width\":\"\",\"rex_effect_resize_height\":\"\",\"rex_effect_resize_style\":\"maximum\",\"rex_effect_resize_allow_enlarge\":\"enlarge\"},\"rex_effect_filter_blur\":{\"rex_effect_filter_blur_repeats\":\"10\",\"rex_effect_filter_blur_type\":\"gaussian\",\"rex_effect_filter_blur_smoothit\":\"\"},\"rex_effect_mirror\":{\"rex_effect_mirror_height\":\"\",\"rex_effect_mirror_opacity\":\"100\",\"rex_effect_mirror_set_transparent\":\"colored\",\"rex_effect_mirror_bg_r\":\"\",\"rex_effect_mirror_bg_g\":\"\",\"rex_effect_mirror_bg_b\":\"\"},\"rex_effect_header\":{\"rex_effect_header_download\":\"open_media\",\"rex_effect_header_cache\":\"no_cache\",\"rex_effect_header_filename\":\"filename\"},\"rex_effect_convert2img\":{\"rex_effect_convert2img_convert_to\":\"jpg\",\"rex_effect_convert2img_density\":\"150\",\"rex_effect_convert2img_color\":\"\"},\"rex_effect_mediapath\":{\"rex_effect_mediapath_mediapath\":\"\"}}', 1, '2020-04-15 17:04:09', 'admin', '2021-06-08 15:35:23', 'admin'),
( 126, 'focuspoint_fit', '{\"rex_effect_rounded_corners\":{\"rex_effect_rounded_corners_topleft\":\"\",\"rex_effect_rounded_corners_topright\":\"\",\"rex_effect_rounded_corners_bottomleft\":\"\",\"rex_effect_rounded_corners_bottomright\":\"\"},\"rex_effect_workspace\":{\"rex_effect_workspace_width\":\"\",\"rex_effect_workspace_height\":\"\",\"rex_effect_workspace_hpos\":\"left\",\"rex_effect_workspace_vpos\":\"top\",\"rex_effect_workspace_set_transparent\":\"colored\",\"rex_effect_workspace_bg_r\":\"\",\"rex_effect_workspace_bg_g\":\"\",\"rex_effect_workspace_bg_b\":\"\"},\"rex_effect_crop\":{\"rex_effect_crop_width\":\"\",\"rex_effect_crop_height\":\"\",\"rex_effect_crop_offset_width\":\"\",\"rex_effect_crop_offset_height\":\"\",\"rex_effect_crop_hpos\":\"center\",\"rex_effect_crop_vpos\":\"middle\"},\"rex_effect_insert_image\":{\"rex_effect_insert_image_brandimage\":\"\",\"rex_effect_insert_image_hpos\":\"left\",\"rex_effect_insert_image_vpos\":\"top\",\"rex_effect_insert_image_padding_x\":\"-10\",\"rex_effect_insert_image_padding_y\":\"-10\"},\"rex_effect_rotate\":{\"rex_effect_rotate_rotate\":\"0\"},\"rex_effect_filter_colorize\":{\"rex_effect_filter_colorize_filter_r\":\"\",\"rex_effect_filter_colorize_filter_g\":\"\",\"rex_effect_filter_colorize_filter_b\":\"\"},\"rex_effect_image_properties\":{\"rex_effect_image_properties_jpg_quality\":\"\",\"rex_effect_image_properties_png_compression\":\"\",\"rex_effect_image_properties_webp_quality\":\"\",\"rex_effect_image_properties_interlace\":null},\"rex_effect_focuspoint_fit\":{\"rex_effect_focuspoint_fit_meta\":\"med_focuspoint\",\"rex_effect_focuspoint_fit_focus\":\"50.0,50.0\",\"rex_effect_focuspoint_fit_width\":\"1163\",\"rex_effect_focuspoint_fit_height\":\"1163\",\"rex_effect_focuspoint_fit_zoom\":\"100%\"},\"rex_effect_filter_brightness\":{\"rex_effect_filter_brightness_brightness\":\"\"},\"rex_effect_flip\":{\"rex_effect_flip_flip\":\"X\"},\"rex_effect_image_format\":{\"rex_effect_image_format_convert_to\":\"webp\"},\"rex_effect_filter_contrast\":{\"rex_effect_filter_contrast_contrast\":\"\"},\"rex_effect_filter_sharpen\":{\"rex_effect_filter_sharpen_amount\":\"80\",\"rex_effect_filter_sharpen_radius\":\"0.5\",\"rex_effect_filter_sharpen_threshold\":\"3\"},\"rex_effect_resize\":{\"rex_effect_resize_width\":\"\",\"rex_effect_resize_height\":\"\",\"rex_effect_resize_style\":\"maximum\",\"rex_effect_resize_allow_enlarge\":\"enlarge\"},\"rex_effect_filter_blur\":{\"rex_effect_filter_blur_repeats\":\"10\",\"rex_effect_filter_blur_type\":\"gaussian\",\"rex_effect_filter_blur_smoothit\":\"\"},\"rex_effect_mirror\":{\"rex_effect_mirror_height\":\"\",\"rex_effect_mirror_opacity\":\"100\",\"rex_effect_mirror_set_transparent\":\"colored\",\"rex_effect_mirror_bg_r\":\"\",\"rex_effect_mirror_bg_g\":\"\",\"rex_effect_mirror_bg_b\":\"\"},\"rex_effect_header\":{\"rex_effect_header_download\":\"open_media\",\"rex_effect_header_cache\":\"no_cache\",\"rex_effect_header_filename\":\"filename\"},\"rex_effect_convert2img\":{\"rex_effect_convert2img_convert_to\":\"jpg\",\"rex_effect_convert2img_density\":\"150\",\"rex_effect_convert2img_color\":\"\"},\"rex_effect_mediapath\":{\"rex_effect_mediapath_mediapath\":\"\"}}', 1, '2020-04-15 17:04:10', 'admin', '2021-06-08 15:35:34', 'admin'),
( 127, 'focuspoint_fit', '{\"rex_effect_rounded_corners\":{\"rex_effect_rounded_corners_topleft\":\"\",\"rex_effect_rounded_corners_topright\":\"\",\"rex_effect_rounded_corners_bottomleft\":\"\",\"rex_effect_rounded_corners_bottomright\":\"\"},\"rex_effect_workspace\":{\"rex_effect_workspace_width\":\"\",\"rex_effect_workspace_height\":\"\",\"rex_effect_workspace_hpos\":\"left\",\"rex_effect_workspace_vpos\":\"top\",\"rex_effect_workspace_set_transparent\":\"colored\",\"rex_effect_workspace_bg_r\":\"\",\"rex_effect_workspace_bg_g\":\"\",\"rex_effect_workspace_bg_b\":\"\"},\"rex_effect_crop\":{\"rex_effect_crop_width\":\"\",\"rex_effect_crop_height\":\"\",\"rex_effect_crop_offset_width\":\"\",\"rex_effect_crop_offset_height\":\"\",\"rex_effect_crop_hpos\":\"center\",\"rex_effect_crop_vpos\":\"middle\"},\"rex_effect_insert_image\":{\"rex_effect_insert_image_brandimage\":\"\",\"rex_effect_insert_image_hpos\":\"left\",\"rex_effect_insert_image_vpos\":\"top\",\"rex_effect_insert_image_padding_x\":\"-10\",\"rex_effect_insert_image_padding_y\":\"-10\"},\"rex_effect_rotate\":{\"rex_effect_rotate_rotate\":\"0\"},\"rex_effect_filter_colorize\":{\"rex_effect_filter_colorize_filter_r\":\"\",\"rex_effect_filter_colorize_filter_g\":\"\",\"rex_effect_filter_colorize_filter_b\":\"\"},\"rex_effect_image_properties\":{\"rex_effect_image_properties_jpg_quality\":\"\",\"rex_effect_image_properties_png_compression\":\"\",\"rex_effect_image_properties_webp_quality\":\"\",\"rex_effect_image_properties_interlace\":null},\"rex_effect_focuspoint_fit\":{\"rex_effect_focuspoint_fit_meta\":\"med_focuspoint\",\"rex_effect_focuspoint_fit_focus\":\"50.0,50.0\",\"rex_effect_focuspoint_fit_width\":\"272\",\"rex_effect_focuspoint_fit_height\":\"272\",\"rex_effect_focuspoint_fit_zoom\":\"100%\"},\"rex_effect_filter_brightness\":{\"rex_effect_filter_brightness_brightness\":\"\"},\"rex_effect_flip\":{\"rex_effect_flip_flip\":\"X\"},\"rex_effect_image_format\":{\"rex_effect_image_format_convert_to\":\"webp\"},\"rex_effect_filter_contrast\":{\"rex_effect_filter_contrast_contrast\":\"\"},\"rex_effect_filter_sharpen\":{\"rex_effect_filter_sharpen_amount\":\"80\",\"rex_effect_filter_sharpen_radius\":\"0.5\",\"rex_effect_filter_sharpen_threshold\":\"3\"},\"rex_effect_resize\":{\"rex_effect_resize_width\":\"\",\"rex_effect_resize_height\":\"\",\"rex_effect_resize_style\":\"maximum\",\"rex_effect_resize_allow_enlarge\":\"enlarge\"},\"rex_effect_filter_blur\":{\"rex_effect_filter_blur_repeats\":\"10\",\"rex_effect_filter_blur_type\":\"gaussian\",\"rex_effect_filter_blur_smoothit\":\"\"},\"rex_effect_mirror\":{\"rex_effect_mirror_height\":\"\",\"rex_effect_mirror_opacity\":\"100\",\"rex_effect_mirror_set_transparent\":\"colored\",\"rex_effect_mirror_bg_r\":\"\",\"rex_effect_mirror_bg_g\":\"\",\"rex_effect_mirror_bg_b\":\"\"},\"rex_effect_header\":{\"rex_effect_header_download\":\"open_media\",\"rex_effect_header_cache\":\"no_cache\",\"rex_effect_header_filename\":\"filename\"},\"rex_effect_convert2img\":{\"rex_effect_convert2img_convert_to\":\"jpg\",\"rex_effect_convert2img_density\":\"150\",\"rex_effect_convert2img_color\":\"\"},\"rex_effect_mediapath\":{\"rex_effect_mediapath_mediapath\":\"\"}}', 1, '2020-04-15 17:04:13', 'admin', '2021-06-08 15:35:43', 'admin'),
( 128, 'focuspoint_fit', '{\"rex_effect_rounded_corners\":{\"rex_effect_rounded_corners_topleft\":\"\",\"rex_effect_rounded_corners_topright\":\"\",\"rex_effect_rounded_corners_bottomleft\":\"\",\"rex_effect_rounded_corners_bottomright\":\"\"},\"rex_effect_workspace\":{\"rex_effect_workspace_width\":\"\",\"rex_effect_workspace_height\":\"\",\"rex_effect_workspace_hpos\":\"left\",\"rex_effect_workspace_vpos\":\"top\",\"rex_effect_workspace_set_transparent\":\"colored\",\"rex_effect_workspace_bg_r\":\"\",\"rex_effect_workspace_bg_g\":\"\",\"rex_effect_workspace_bg_b\":\"\"},\"rex_effect_crop\":{\"rex_effect_crop_width\":\"\",\"rex_effect_crop_height\":\"\",\"rex_effect_crop_offset_width\":\"\",\"rex_effect_crop_offset_height\":\"\",\"rex_effect_crop_hpos\":\"center\",\"rex_effect_crop_vpos\":\"middle\"},\"rex_effect_insert_image\":{\"rex_effect_insert_image_brandimage\":\"\",\"rex_effect_insert_image_hpos\":\"left\",\"rex_effect_insert_image_vpos\":\"top\",\"rex_effect_insert_image_padding_x\":\"-10\",\"rex_effect_insert_image_padding_y\":\"-10\"},\"rex_effect_rotate\":{\"rex_effect_rotate_rotate\":\"0\"},\"rex_effect_filter_colorize\":{\"rex_effect_filter_colorize_filter_r\":\"\",\"rex_effect_filter_colorize_filter_g\":\"\",\"rex_effect_filter_colorize_filter_b\":\"\"},\"rex_effect_image_properties\":{\"rex_effect_image_properties_jpg_quality\":\"\",\"rex_effect_image_properties_png_compression\":\"\",\"rex_effect_image_properties_webp_quality\":\"\",\"rex_effect_image_properties_interlace\":null},\"rex_effect_focuspoint_fit\":{\"rex_effect_focuspoint_fit_meta\":\"med_focuspoint\",\"rex_effect_focuspoint_fit_focus\":\"50.0,50.0\",\"rex_effect_focuspoint_fit_width\":\"1600\",\"rex_effect_focuspoint_fit_height\":\"1600\",\"rex_effect_focuspoint_fit_zoom\":\"100%\"},\"rex_effect_filter_brightness\":{\"rex_effect_filter_brightness_brightness\":\"\"},\"rex_effect_flip\":{\"rex_effect_flip_flip\":\"X\"},\"rex_effect_image_format\":{\"rex_effect_image_format_convert_to\":\"webp\"},\"rex_effect_filter_contrast\":{\"rex_effect_filter_contrast_contrast\":\"\"},\"rex_effect_filter_sharpen\":{\"rex_effect_filter_sharpen_amount\":\"80\",\"rex_effect_filter_sharpen_radius\":\"0.5\",\"rex_effect_filter_sharpen_threshold\":\"3\"},\"rex_effect_resize\":{\"rex_effect_resize_width\":\"\",\"rex_effect_resize_height\":\"\",\"rex_effect_resize_style\":\"maximum\",\"rex_effect_resize_allow_enlarge\":\"enlarge\"},\"rex_effect_filter_blur\":{\"rex_effect_filter_blur_repeats\":\"10\",\"rex_effect_filter_blur_type\":\"gaussian\",\"rex_effect_filter_blur_smoothit\":\"\"},\"rex_effect_mirror\":{\"rex_effect_mirror_height\":\"\",\"rex_effect_mirror_opacity\":\"100\",\"rex_effect_mirror_set_transparent\":\"colored\",\"rex_effect_mirror_bg_r\":\"\",\"rex_effect_mirror_bg_g\":\"\",\"rex_effect_mirror_bg_b\":\"\"},\"rex_effect_header\":{\"rex_effect_header_download\":\"open_media\",\"rex_effect_header_cache\":\"no_cache\",\"rex_effect_header_filename\":\"filename\"},\"rex_effect_convert2img\":{\"rex_effect_convert2img_convert_to\":\"jpg\",\"rex_effect_convert2img_density\":\"150\",\"rex_effect_convert2img_color\":\"\"},\"rex_effect_mediapath\":{\"rex_effect_mediapath_mediapath\":\"\"}}', 1, '2020-04-15 17:04:15', 'admin', '2021-06-08 15:35:51', 'admin');
INSERT INTO `rex_media_manager_type_effect` (`type_id`, `effect`, `parameters`, `priority`, `createdate`, `createuser`, `updatedate`, `updateuser`) VALUES
( 135, 'focuspoint_fit', '{\"rex_effect_rounded_corners\":{\"rex_effect_rounded_corners_topleft\":\"\",\"rex_effect_rounded_corners_topright\":\"\",\"rex_effect_rounded_corners_bottomleft\":\"\",\"rex_effect_rounded_corners_bottomright\":\"\"},\"rex_effect_workspace\":{\"rex_effect_workspace_set_transparent\":\"colored\",\"rex_effect_workspace_width\":\"\",\"rex_effect_workspace_height\":\"\",\"rex_effect_workspace_hpos\":\"left\",\"rex_effect_workspace_vpos\":\"top\",\"rex_effect_workspace_padding_x\":\"0\",\"rex_effect_workspace_padding_y\":\"0\",\"rex_effect_workspace_bg_r\":\"\",\"rex_effect_workspace_bg_g\":\"\",\"rex_effect_workspace_bg_b\":\"\",\"rex_effect_workspace_bgimage\":\"\"},\"rex_effect_crop\":{\"rex_effect_crop_width\":\"\",\"rex_effect_crop_height\":\"\",\"rex_effect_crop_offset_width\":\"\",\"rex_effect_crop_offset_height\":\"\",\"rex_effect_crop_hpos\":\"center\",\"rex_effect_crop_vpos\":\"middle\"},\"rex_effect_insert_image\":{\"rex_effect_insert_image_brandimage\":\"\",\"rex_effect_insert_image_hpos\":\"left\",\"rex_effect_insert_image_vpos\":\"top\",\"rex_effect_insert_image_padding_x\":\"-10\",\"rex_effect_insert_image_padding_y\":\"-10\"},\"rex_effect_rotate\":{\"rex_effect_rotate_rotate\":\"0\"},\"rex_effect_filter_colorize\":{\"rex_effect_filter_colorize_filter_r\":\"\",\"rex_effect_filter_colorize_filter_g\":\"\",\"rex_effect_filter_colorize_filter_b\":\"\"},\"rex_effect_image_properties\":{\"rex_effect_image_properties_jpg_quality\":\"\",\"rex_effect_image_properties_png_compression\":\"\",\"rex_effect_image_properties_webp_quality\":\"\",\"rex_effect_image_properties_avif_quality\":\"\",\"rex_effect_image_properties_avif_speed\":\"\",\"rex_effect_image_properties_interlace\":null},\"rex_effect_focuspoint_fit\":{\"rex_effect_focuspoint_fit_meta\":\"med_focuspoint\",\"rex_effect_focuspoint_fit_focus\":\"50.0,50.0\",\"rex_effect_focuspoint_fit_width\":\"40\",\"rex_effect_focuspoint_fit_height\":\"\",\"rex_effect_focuspoint_fit_zoom\":\"100%\"},\"rex_effect_filter_brightness\":{\"rex_effect_filter_brightness_brightness\":\"\"},\"rex_effect_flip\":{\"rex_effect_flip_flip\":\"X\"},\"rex_effect_image_format\":{\"rex_effect_image_format_convert_to\":\"webp\"},\"rex_effect_filter_contrast\":{\"rex_effect_filter_contrast_contrast\":\"\"},\"rex_effect_filter_sharpen\":{\"rex_effect_filter_sharpen_amount\":\"80\",\"rex_effect_filter_sharpen_radius\":\"0.5\",\"rex_effect_filter_sharpen_threshold\":\"3\"},\"rex_effect_resize\":{\"rex_effect_resize_width\":\"\",\"rex_effect_resize_height\":\"\",\"rex_effect_resize_style\":\"maximum\",\"rex_effect_resize_allow_enlarge\":\"enlarge\"},\"rex_effect_filter_blur\":{\"rex_effect_filter_blur_repeats\":\"10\",\"rex_effect_filter_blur_type\":\"gaussian\",\"rex_effect_filter_blur_smoothit\":\"\"},\"rex_effect_mirror\":{\"rex_effect_mirror_height\":\"\",\"rex_effect_mirror_opacity\":\"100\",\"rex_effect_mirror_set_transparent\":\"colored\",\"rex_effect_mirror_bg_r\":\"\",\"rex_effect_mirror_bg_g\":\"\",\"rex_effect_mirror_bg_b\":\"\"},\"rex_effect_header\":{\"rex_effect_header_download\":\"open_media\",\"rex_effect_header_cache\":\"no_cache\",\"rex_effect_header_filename\":\"filename\",\"rex_effect_header_index\":\"index\"},\"rex_effect_convert2img\":{\"rex_effect_convert2img_convert_to\":\"jpg\",\"rex_effect_convert2img_density\":\"150\",\"rex_effect_convert2img_color\":\"\"},\"rex_effect_mediapath\":{\"rex_effect_mediapath_mediapath\":\"\"}}', 1, '2022-11-04 11:02:20', 'admin', '2023-06-23 15:15:48', 'admin'),
( 135, 'filter_blur', '{\"rex_effect_rounded_corners\":{\"rex_effect_rounded_corners_topleft\":\"\",\"rex_effect_rounded_corners_topright\":\"\",\"rex_effect_rounded_corners_bottomleft\":\"\",\"rex_effect_rounded_corners_bottomright\":\"\"},\"rex_effect_workspace\":{\"rex_effect_workspace_set_transparent\":\"colored\",\"rex_effect_workspace_width\":\"\",\"rex_effect_workspace_height\":\"\",\"rex_effect_workspace_hpos\":\"left\",\"rex_effect_workspace_vpos\":\"top\",\"rex_effect_workspace_padding_x\":\"0\",\"rex_effect_workspace_padding_y\":\"0\",\"rex_effect_workspace_bg_r\":\"\",\"rex_effect_workspace_bg_g\":\"\",\"rex_effect_workspace_bg_b\":\"\",\"rex_effect_workspace_bgimage\":\"\"},\"rex_effect_crop\":{\"rex_effect_crop_width\":\"\",\"rex_effect_crop_height\":\"\",\"rex_effect_crop_offset_width\":\"\",\"rex_effect_crop_offset_height\":\"\",\"rex_effect_crop_hpos\":\"center\",\"rex_effect_crop_vpos\":\"middle\"},\"rex_effect_insert_image\":{\"rex_effect_insert_image_brandimage\":\"\",\"rex_effect_insert_image_hpos\":\"left\",\"rex_effect_insert_image_vpos\":\"top\",\"rex_effect_insert_image_padding_x\":\"-10\",\"rex_effect_insert_image_padding_y\":\"-10\"},\"rex_effect_rotate\":{\"rex_effect_rotate_rotate\":\"0\"},\"rex_effect_filter_colorize\":{\"rex_effect_filter_colorize_filter_r\":\"\",\"rex_effect_filter_colorize_filter_g\":\"\",\"rex_effect_filter_colorize_filter_b\":\"\"},\"rex_effect_image_properties\":{\"rex_effect_image_properties_jpg_quality\":\"\",\"rex_effect_image_properties_png_compression\":\"\",\"rex_effect_image_properties_webp_quality\":\"\",\"rex_effect_image_properties_avif_quality\":\"\",\"rex_effect_image_properties_avif_speed\":\"\",\"rex_effect_image_properties_interlace\":null},\"rex_effect_focuspoint_fit\":{\"rex_effect_focuspoint_fit_meta\":\"med_focuspoint\",\"rex_effect_focuspoint_fit_focus\":\"\",\"rex_effect_focuspoint_fit_width\":\"\",\"rex_effect_focuspoint_fit_height\":\"\",\"rex_effect_focuspoint_fit_zoom\":\"0%\"},\"rex_effect_filter_brightness\":{\"rex_effect_filter_brightness_brightness\":\"\"},\"rex_effect_flip\":{\"rex_effect_flip_flip\":\"X\"},\"rex_effect_image_format\":{\"rex_effect_image_format_convert_to\":\"webp\"},\"rex_effect_filter_contrast\":{\"rex_effect_filter_contrast_contrast\":\"\"},\"rex_effect_filter_sharpen\":{\"rex_effect_filter_sharpen_amount\":\"80\",\"rex_effect_filter_sharpen_radius\":\"0.5\",\"rex_effect_filter_sharpen_threshold\":\"3\"},\"rex_effect_resize\":{\"rex_effect_resize_width\":\"\",\"rex_effect_resize_height\":\"\",\"rex_effect_resize_style\":\"maximum\",\"rex_effect_resize_allow_enlarge\":\"enlarge\"},\"rex_effect_filter_blur\":{\"rex_effect_filter_blur_repeats\":\"1\",\"rex_effect_filter_blur_type\":\"gaussian\",\"rex_effect_filter_blur_smoothit\":\"0\"},\"rex_effect_mirror\":{\"rex_effect_mirror_height\":\"\",\"rex_effect_mirror_opacity\":\"100\",\"rex_effect_mirror_set_transparent\":\"colored\",\"rex_effect_mirror_bg_r\":\"\",\"rex_effect_mirror_bg_g\":\"\",\"rex_effect_mirror_bg_b\":\"\"},\"rex_effect_header\":{\"rex_effect_header_download\":\"open_media\",\"rex_effect_header_cache\":\"no_cache\",\"rex_effect_header_filename\":\"filename\",\"rex_effect_header_index\":\"index\"},\"rex_effect_convert2img\":{\"rex_effect_convert2img_convert_to\":\"jpg\",\"rex_effect_convert2img_density\":\"150\",\"rex_effect_convert2img_color\":\"\"},\"rex_effect_mediapath\":{\"rex_effect_mediapath_mediapath\":\"\"}}', 2, '2022-11-04 11:03:20', 'admin', '2023-06-23 15:15:50', 'admin'),
( 136, 'focuspoint_fit', '{\"rex_effect_rounded_corners\":{\"rex_effect_rounded_corners_topleft\":\"\",\"rex_effect_rounded_corners_topright\":\"\",\"rex_effect_rounded_corners_bottomleft\":\"\",\"rex_effect_rounded_corners_bottomright\":\"\"},\"rex_effect_workspace\":{\"rex_effect_workspace_set_transparent\":\"colored\",\"rex_effect_workspace_width\":\"\",\"rex_effect_workspace_height\":\"\",\"rex_effect_workspace_hpos\":\"left\",\"rex_effect_workspace_vpos\":\"top\",\"rex_effect_workspace_padding_x\":\"0\",\"rex_effect_workspace_padding_y\":\"0\",\"rex_effect_workspace_bg_r\":\"\",\"rex_effect_workspace_bg_g\":\"\",\"rex_effect_workspace_bg_b\":\"\",\"rex_effect_workspace_bgimage\":\"\"},\"rex_effect_crop\":{\"rex_effect_crop_width\":\"\",\"rex_effect_crop_height\":\"\",\"rex_effect_crop_offset_width\":\"\",\"rex_effect_crop_offset_height\":\"\",\"rex_effect_crop_hpos\":\"center\",\"rex_effect_crop_vpos\":\"middle\"},\"rex_effect_insert_image\":{\"rex_effect_insert_image_brandimage\":\"\",\"rex_effect_insert_image_hpos\":\"left\",\"rex_effect_insert_image_vpos\":\"top\",\"rex_effect_insert_image_padding_x\":\"-10\",\"rex_effect_insert_image_padding_y\":\"-10\"},\"rex_effect_rotate\":{\"rex_effect_rotate_rotate\":\"0\"},\"rex_effect_filter_colorize\":{\"rex_effect_filter_colorize_filter_r\":\"\",\"rex_effect_filter_colorize_filter_g\":\"\",\"rex_effect_filter_colorize_filter_b\":\"\"},\"rex_effect_image_properties\":{\"rex_effect_image_properties_jpg_quality\":\"\",\"rex_effect_image_properties_png_compression\":\"\",\"rex_effect_image_properties_webp_quality\":\"\",\"rex_effect_image_properties_avif_quality\":\"\",\"rex_effect_image_properties_avif_speed\":\"\",\"rex_effect_image_properties_interlace\":null},\"rex_effect_focuspoint_fit\":{\"rex_effect_focuspoint_fit_meta\":\"med_focuspoint\",\"rex_effect_focuspoint_fit_focus\":\"50.0,50.0\",\"rex_effect_focuspoint_fit_width\":\"40\",\"rex_effect_focuspoint_fit_height\":\"36\",\"rex_effect_focuspoint_fit_zoom\":\"100%\"},\"rex_effect_filter_brightness\":{\"rex_effect_filter_brightness_brightness\":\"\"},\"rex_effect_flip\":{\"rex_effect_flip_flip\":\"X\"},\"rex_effect_image_format\":{\"rex_effect_image_format_convert_to\":\"webp\"},\"rex_effect_filter_contrast\":{\"rex_effect_filter_contrast_contrast\":\"\"},\"rex_effect_filter_sharpen\":{\"rex_effect_filter_sharpen_amount\":\"80\",\"rex_effect_filter_sharpen_radius\":\"0.5\",\"rex_effect_filter_sharpen_threshold\":\"3\"},\"rex_effect_resize\":{\"rex_effect_resize_width\":\"\",\"rex_effect_resize_height\":\"\",\"rex_effect_resize_style\":\"maximum\",\"rex_effect_resize_allow_enlarge\":\"enlarge\"},\"rex_effect_filter_blur\":{\"rex_effect_filter_blur_repeats\":\"10\",\"rex_effect_filter_blur_type\":\"gaussian\",\"rex_effect_filter_blur_smoothit\":\"\"},\"rex_effect_mirror\":{\"rex_effect_mirror_height\":\"\",\"rex_effect_mirror_opacity\":\"100\",\"rex_effect_mirror_set_transparent\":\"colored\",\"rex_effect_mirror_bg_r\":\"\",\"rex_effect_mirror_bg_g\":\"\",\"rex_effect_mirror_bg_b\":\"\"},\"rex_effect_header\":{\"rex_effect_header_download\":\"open_media\",\"rex_effect_header_cache\":\"no_cache\",\"rex_effect_header_filename\":\"filename\",\"rex_effect_header_index\":\"index\"},\"rex_effect_convert2img\":{\"rex_effect_convert2img_convert_to\":\"jpg\",\"rex_effect_convert2img_density\":\"150\",\"rex_effect_convert2img_color\":\"\"},\"rex_effect_mediapath\":{\"rex_effect_mediapath_mediapath\":\"\"}}', 1, '2022-11-04 11:10:11', 'admin', '2023-06-02 14:11:20', 'admin'),
( 136, 'filter_blur', '{\"rex_effect_rounded_corners\":{\"rex_effect_rounded_corners_topleft\":\"\",\"rex_effect_rounded_corners_topright\":\"\",\"rex_effect_rounded_corners_bottomleft\":\"\",\"rex_effect_rounded_corners_bottomright\":\"\"},\"rex_effect_workspace\":{\"rex_effect_workspace_width\":\"\",\"rex_effect_workspace_height\":\"\",\"rex_effect_workspace_hpos\":\"left\",\"rex_effect_workspace_vpos\":\"top\",\"rex_effect_workspace_set_transparent\":\"colored\",\"rex_effect_workspace_bg_r\":\"\",\"rex_effect_workspace_bg_g\":\"\",\"rex_effect_workspace_bg_b\":\"\"},\"rex_effect_crop\":{\"rex_effect_crop_width\":\"\",\"rex_effect_crop_height\":\"\",\"rex_effect_crop_offset_width\":\"\",\"rex_effect_crop_offset_height\":\"\",\"rex_effect_crop_hpos\":\"center\",\"rex_effect_crop_vpos\":\"middle\"},\"rex_effect_insert_image\":{\"rex_effect_insert_image_brandimage\":\"\",\"rex_effect_insert_image_hpos\":\"left\",\"rex_effect_insert_image_vpos\":\"top\",\"rex_effect_insert_image_padding_x\":\"-10\",\"rex_effect_insert_image_padding_y\":\"-10\"},\"rex_effect_rotate\":{\"rex_effect_rotate_rotate\":\"0\"},\"rex_effect_filter_colorize\":{\"rex_effect_filter_colorize_filter_r\":\"\",\"rex_effect_filter_colorize_filter_g\":\"\",\"rex_effect_filter_colorize_filter_b\":\"\"},\"rex_effect_image_properties\":{\"rex_effect_image_properties_jpg_quality\":\"\",\"rex_effect_image_properties_png_compression\":\"\",\"rex_effect_image_properties_webp_quality\":\"\",\"rex_effect_image_properties_interlace\":null},\"rex_effect_focuspoint_fit\":{\"rex_effect_focuspoint_fit_meta\":\"med_focuspoint\",\"rex_effect_focuspoint_fit_focus\":\"\",\"rex_effect_focuspoint_fit_width\":\"\",\"rex_effect_focuspoint_fit_height\":\"\",\"rex_effect_focuspoint_fit_zoom\":\"0%\"},\"rex_effect_filter_brightness\":{\"rex_effect_filter_brightness_brightness\":\"\"},\"rex_effect_flip\":{\"rex_effect_flip_flip\":\"X\"},\"rex_effect_image_format\":{\"rex_effect_image_format_convert_to\":\"webp\"},\"rex_effect_filter_contrast\":{\"rex_effect_filter_contrast_contrast\":\"\"},\"rex_effect_filter_sharpen\":{\"rex_effect_filter_sharpen_amount\":\"80\",\"rex_effect_filter_sharpen_radius\":\"0.5\",\"rex_effect_filter_sharpen_threshold\":\"3\"},\"rex_effect_resize\":{\"rex_effect_resize_width\":\"\",\"rex_effect_resize_height\":\"\",\"rex_effect_resize_style\":\"maximum\",\"rex_effect_resize_allow_enlarge\":\"enlarge\"},\"rex_effect_filter_blur\":{\"rex_effect_filter_blur_repeats\":\"1\",\"rex_effect_filter_blur_type\":\"gaussian\",\"rex_effect_filter_blur_smoothit\":\"0\"},\"rex_effect_mirror\":{\"rex_effect_mirror_height\":\"\",\"rex_effect_mirror_opacity\":\"100\",\"rex_effect_mirror_set_transparent\":\"colored\",\"rex_effect_mirror_bg_r\":\"\",\"rex_effect_mirror_bg_g\":\"\",\"rex_effect_mirror_bg_b\":\"\"},\"rex_effect_header\":{\"rex_effect_header_download\":\"open_media\",\"rex_effect_header_cache\":\"no_cache\",\"rex_effect_header_filename\":\"filename\"},\"rex_effect_convert2img\":{\"rex_effect_convert2img_convert_to\":\"jpg\",\"rex_effect_convert2img_density\":\"150\",\"rex_effect_convert2img_color\":\"\"},\"rex_effect_mediapath\":{\"rex_effect_mediapath_mediapath\":\"\"}}', 2, '2022-11-04 11:10:11', 'admin', '2022-11-04 11:10:11', 'admin'),
( 137, 'focuspoint_fit', '{\"rex_effect_rounded_corners\":{\"rex_effect_rounded_corners_topleft\":\"\",\"rex_effect_rounded_corners_topright\":\"\",\"rex_effect_rounded_corners_bottomleft\":\"\",\"rex_effect_rounded_corners_bottomright\":\"\"},\"rex_effect_workspace\":{\"rex_effect_workspace_set_transparent\":\"colored\",\"rex_effect_workspace_width\":\"\",\"rex_effect_workspace_height\":\"\",\"rex_effect_workspace_hpos\":\"left\",\"rex_effect_workspace_vpos\":\"top\",\"rex_effect_workspace_padding_x\":\"0\",\"rex_effect_workspace_padding_y\":\"0\",\"rex_effect_workspace_bg_r\":\"\",\"rex_effect_workspace_bg_g\":\"\",\"rex_effect_workspace_bg_b\":\"\",\"rex_effect_workspace_bgimage\":\"\"},\"rex_effect_crop\":{\"rex_effect_crop_width\":\"\",\"rex_effect_crop_height\":\"\",\"rex_effect_crop_offset_width\":\"\",\"rex_effect_crop_offset_height\":\"\",\"rex_effect_crop_hpos\":\"center\",\"rex_effect_crop_vpos\":\"middle\"},\"rex_effect_insert_image\":{\"rex_effect_insert_image_brandimage\":\"\",\"rex_effect_insert_image_hpos\":\"left\",\"rex_effect_insert_image_vpos\":\"top\",\"rex_effect_insert_image_padding_x\":\"-10\",\"rex_effect_insert_image_padding_y\":\"-10\"},\"rex_effect_rotate\":{\"rex_effect_rotate_rotate\":\"0\"},\"rex_effect_filter_colorize\":{\"rex_effect_filter_colorize_filter_r\":\"\",\"rex_effect_filter_colorize_filter_g\":\"\",\"rex_effect_filter_colorize_filter_b\":\"\"},\"rex_effect_image_properties\":{\"rex_effect_image_properties_jpg_quality\":\"\",\"rex_effect_image_properties_png_compression\":\"\",\"rex_effect_image_properties_webp_quality\":\"\",\"rex_effect_image_properties_avif_quality\":\"\",\"rex_effect_image_properties_avif_speed\":\"\",\"rex_effect_image_properties_interlace\":null},\"rex_effect_focuspoint_fit\":{\"rex_effect_focuspoint_fit_meta\":\"med_focuspoint\",\"rex_effect_focuspoint_fit_focus\":\"50.0,50.0\",\"rex_effect_focuspoint_fit_width\":\"40\",\"rex_effect_focuspoint_fit_height\":\"40\",\"rex_effect_focuspoint_fit_zoom\":\"100%\"},\"rex_effect_filter_brightness\":{\"rex_effect_filter_brightness_brightness\":\"\"},\"rex_effect_flip\":{\"rex_effect_flip_flip\":\"X\"},\"rex_effect_image_format\":{\"rex_effect_image_format_convert_to\":\"webp\"},\"rex_effect_filter_contrast\":{\"rex_effect_filter_contrast_contrast\":\"\"},\"rex_effect_filter_sharpen\":{\"rex_effect_filter_sharpen_amount\":\"80\",\"rex_effect_filter_sharpen_radius\":\"0.5\",\"rex_effect_filter_sharpen_threshold\":\"3\"},\"rex_effect_resize\":{\"rex_effect_resize_width\":\"\",\"rex_effect_resize_height\":\"\",\"rex_effect_resize_style\":\"maximum\",\"rex_effect_resize_allow_enlarge\":\"enlarge\"},\"rex_effect_filter_blur\":{\"rex_effect_filter_blur_repeats\":\"10\",\"rex_effect_filter_blur_type\":\"gaussian\",\"rex_effect_filter_blur_smoothit\":\"\"},\"rex_effect_mirror\":{\"rex_effect_mirror_height\":\"\",\"rex_effect_mirror_opacity\":\"100\",\"rex_effect_mirror_set_transparent\":\"colored\",\"rex_effect_mirror_bg_r\":\"\",\"rex_effect_mirror_bg_g\":\"\",\"rex_effect_mirror_bg_b\":\"\"},\"rex_effect_header\":{\"rex_effect_header_download\":\"open_media\",\"rex_effect_header_cache\":\"no_cache\",\"rex_effect_header_filename\":\"filename\",\"rex_effect_header_index\":\"index\"},\"rex_effect_convert2img\":{\"rex_effect_convert2img_convert_to\":\"jpg\",\"rex_effect_convert2img_density\":\"150\",\"rex_effect_convert2img_color\":\"\"},\"rex_effect_mediapath\":{\"rex_effect_mediapath_mediapath\":\"\"}}', 1, '2022-11-04 11:10:45', 'admin', '2023-06-23 15:15:14', 'admin'),
( 137, 'filter_blur', '{\"rex_effect_rounded_corners\":{\"rex_effect_rounded_corners_topleft\":\"\",\"rex_effect_rounded_corners_topright\":\"\",\"rex_effect_rounded_corners_bottomleft\":\"\",\"rex_effect_rounded_corners_bottomright\":\"\"},\"rex_effect_workspace\":{\"rex_effect_workspace_set_transparent\":\"colored\",\"rex_effect_workspace_width\":\"\",\"rex_effect_workspace_height\":\"\",\"rex_effect_workspace_hpos\":\"left\",\"rex_effect_workspace_vpos\":\"top\",\"rex_effect_workspace_padding_x\":\"0\",\"rex_effect_workspace_padding_y\":\"0\",\"rex_effect_workspace_bg_r\":\"\",\"rex_effect_workspace_bg_g\":\"\",\"rex_effect_workspace_bg_b\":\"\",\"rex_effect_workspace_bgimage\":\"\"},\"rex_effect_crop\":{\"rex_effect_crop_width\":\"\",\"rex_effect_crop_height\":\"\",\"rex_effect_crop_offset_width\":\"\",\"rex_effect_crop_offset_height\":\"\",\"rex_effect_crop_hpos\":\"center\",\"rex_effect_crop_vpos\":\"middle\"},\"rex_effect_insert_image\":{\"rex_effect_insert_image_brandimage\":\"\",\"rex_effect_insert_image_hpos\":\"left\",\"rex_effect_insert_image_vpos\":\"top\",\"rex_effect_insert_image_padding_x\":\"-10\",\"rex_effect_insert_image_padding_y\":\"-10\"},\"rex_effect_rotate\":{\"rex_effect_rotate_rotate\":\"0\"},\"rex_effect_filter_colorize\":{\"rex_effect_filter_colorize_filter_r\":\"\",\"rex_effect_filter_colorize_filter_g\":\"\",\"rex_effect_filter_colorize_filter_b\":\"\"},\"rex_effect_image_properties\":{\"rex_effect_image_properties_jpg_quality\":\"\",\"rex_effect_image_properties_png_compression\":\"\",\"rex_effect_image_properties_webp_quality\":\"\",\"rex_effect_image_properties_avif_quality\":\"\",\"rex_effect_image_properties_avif_speed\":\"\",\"rex_effect_image_properties_interlace\":null},\"rex_effect_focuspoint_fit\":{\"rex_effect_focuspoint_fit_meta\":\"med_focuspoint\",\"rex_effect_focuspoint_fit_focus\":\"\",\"rex_effect_focuspoint_fit_width\":\"\",\"rex_effect_focuspoint_fit_height\":\"\",\"rex_effect_focuspoint_fit_zoom\":\"0%\"},\"rex_effect_filter_brightness\":{\"rex_effect_filter_brightness_brightness\":\"\"},\"rex_effect_flip\":{\"rex_effect_flip_flip\":\"X\"},\"rex_effect_image_format\":{\"rex_effect_image_format_convert_to\":\"webp\"},\"rex_effect_filter_contrast\":{\"rex_effect_filter_contrast_contrast\":\"\"},\"rex_effect_filter_sharpen\":{\"rex_effect_filter_sharpen_amount\":\"80\",\"rex_effect_filter_sharpen_radius\":\"0.5\",\"rex_effect_filter_sharpen_threshold\":\"3\"},\"rex_effect_resize\":{\"rex_effect_resize_width\":\"\",\"rex_effect_resize_height\":\"\",\"rex_effect_resize_style\":\"maximum\",\"rex_effect_resize_allow_enlarge\":\"enlarge\"},\"rex_effect_filter_blur\":{\"rex_effect_filter_blur_repeats\":\"1\",\"rex_effect_filter_blur_type\":\"gaussian\",\"rex_effect_filter_blur_smoothit\":\"0\"},\"rex_effect_mirror\":{\"rex_effect_mirror_height\":\"\",\"rex_effect_mirror_opacity\":\"100\",\"rex_effect_mirror_set_transparent\":\"colored\",\"rex_effect_mirror_bg_r\":\"\",\"rex_effect_mirror_bg_g\":\"\",\"rex_effect_mirror_bg_b\":\"\"},\"rex_effect_header\":{\"rex_effect_header_download\":\"open_media\",\"rex_effect_header_cache\":\"no_cache\",\"rex_effect_header_filename\":\"filename\",\"rex_effect_header_index\":\"index\"},\"rex_effect_convert2img\":{\"rex_effect_convert2img_convert_to\":\"jpg\",\"rex_effect_convert2img_density\":\"150\",\"rex_effect_convert2img_color\":\"\"},\"rex_effect_mediapath\":{\"rex_effect_mediapath_mediapath\":\"\"}}', 2, '2022-11-04 11:10:45', 'admin', '2023-06-23 15:15:03', 'admin'),
( 35, 'resize', '{\"rex_effect_rounded_corners\":{\"rex_effect_rounded_corners_topleft\":\"\",\"rex_effect_rounded_corners_topright\":\"\",\"rex_effect_rounded_corners_bottomleft\":\"\",\"rex_effect_rounded_corners_bottomright\":\"\"},\"rex_effect_workspace\":{\"rex_effect_workspace_width\":\"\",\"rex_effect_workspace_height\":\"\",\"rex_effect_workspace_hpos\":\"left\",\"rex_effect_workspace_vpos\":\"top\",\"rex_effect_workspace_set_transparent\":\"colored\",\"rex_effect_workspace_bg_r\":\"\",\"rex_effect_workspace_bg_g\":\"\",\"rex_effect_workspace_bg_b\":\"\"},\"rex_effect_crop\":{\"rex_effect_crop_width\":\"\",\"rex_effect_crop_height\":\"\",\"rex_effect_crop_offset_width\":\"\",\"rex_effect_crop_offset_height\":\"\",\"rex_effect_crop_hpos\":\"center\",\"rex_effect_crop_vpos\":\"middle\"},\"rex_effect_insert_image\":{\"rex_effect_insert_image_brandimage\":\"\",\"rex_effect_insert_image_hpos\":\"left\",\"rex_effect_insert_image_vpos\":\"top\",\"rex_effect_insert_image_padding_x\":\"-10\",\"rex_effect_insert_image_padding_y\":\"-10\"},\"rex_effect_rotate\":{\"rex_effect_rotate_rotate\":\"0\"},\"rex_effect_filter_colorize\":{\"rex_effect_filter_colorize_filter_r\":\"\",\"rex_effect_filter_colorize_filter_g\":\"\",\"rex_effect_filter_colorize_filter_b\":\"\"},\"rex_effect_image_properties\":{\"rex_effect_image_properties_jpg_quality\":\"\",\"rex_effect_image_properties_png_compression\":\"\",\"rex_effect_image_properties_webp_quality\":\"\",\"rex_effect_image_properties_interlace\":null},\"rex_effect_focuspoint_fit\":{\"rex_effect_focuspoint_fit_meta\":\"med_focuspoint\",\"rex_effect_focuspoint_fit_focus\":\"\",\"rex_effect_focuspoint_fit_width\":\"\",\"rex_effect_focuspoint_fit_height\":\"\",\"rex_effect_focuspoint_fit_zoom\":\"0%\"},\"rex_effect_filter_brightness\":{\"rex_effect_filter_brightness_brightness\":\"\"},\"rex_effect_flip\":{\"rex_effect_flip_flip\":\"X\"},\"rex_effect_image_format\":{\"rex_effect_image_format_convert_to\":\"webp\"},\"rex_effect_filter_contrast\":{\"rex_effect_filter_contrast_contrast\":\"\"},\"rex_effect_filter_sharpen\":{\"rex_effect_filter_sharpen_amount\":\"80\",\"rex_effect_filter_sharpen_radius\":\"0.5\",\"rex_effect_filter_sharpen_threshold\":\"3\"},\"rex_effect_resize\":{\"rex_effect_resize_width\":\"1280\",\"rex_effect_resize_height\":\"\",\"rex_effect_resize_style\":\"minimum\",\"rex_effect_resize_allow_enlarge\":\"enlarge\"},\"rex_effect_filter_blur\":{\"rex_effect_filter_blur_repeats\":\"10\",\"rex_effect_filter_blur_type\":\"gaussian\",\"rex_effect_filter_blur_smoothit\":\"\"},\"rex_effect_mirror\":{\"rex_effect_mirror_height\":\"\",\"rex_effect_mirror_opacity\":\"100\",\"rex_effect_mirror_set_transparent\":\"colored\",\"rex_effect_mirror_bg_r\":\"\",\"rex_effect_mirror_bg_g\":\"\",\"rex_effect_mirror_bg_b\":\"\"},\"rex_effect_header\":{\"rex_effect_header_download\":\"open_media\",\"rex_effect_header_cache\":\"no_cache\",\"rex_effect_header_filename\":\"filename\"},\"rex_effect_convert2img\":{\"rex_effect_convert2img_convert_to\":\"jpg\",\"rex_effect_convert2img_density\":\"150\",\"rex_effect_convert2img_color\":\"\"},\"rex_effect_mediapath\":{\"rex_effect_mediapath_mediapath\":\"\"}}', 2, '2022-12-27 14:51:02', 'admin', '2022-12-27 14:51:02', 'admin'),
( 35, 'filter_sharpen', '{\"rex_effect_rounded_corners\":{\"rex_effect_rounded_corners_topleft\":\"\",\"rex_effect_rounded_corners_topright\":\"\",\"rex_effect_rounded_corners_bottomleft\":\"\",\"rex_effect_rounded_corners_bottomright\":\"\"},\"rex_effect_workspace\":{\"rex_effect_workspace_width\":\"\",\"rex_effect_workspace_height\":\"\",\"rex_effect_workspace_hpos\":\"left\",\"rex_effect_workspace_vpos\":\"top\",\"rex_effect_workspace_set_transparent\":\"colored\",\"rex_effect_workspace_bg_r\":\"\",\"rex_effect_workspace_bg_g\":\"\",\"rex_effect_workspace_bg_b\":\"\"},\"rex_effect_crop\":{\"rex_effect_crop_width\":\"\",\"rex_effect_crop_height\":\"\",\"rex_effect_crop_offset_width\":\"\",\"rex_effect_crop_offset_height\":\"\",\"rex_effect_crop_hpos\":\"center\",\"rex_effect_crop_vpos\":\"middle\"},\"rex_effect_insert_image\":{\"rex_effect_insert_image_brandimage\":\"\",\"rex_effect_insert_image_hpos\":\"left\",\"rex_effect_insert_image_vpos\":\"top\",\"rex_effect_insert_image_padding_x\":\"-10\",\"rex_effect_insert_image_padding_y\":\"-10\"},\"rex_effect_rotate\":{\"rex_effect_rotate_rotate\":\"0\"},\"rex_effect_filter_colorize\":{\"rex_effect_filter_colorize_filter_r\":\"\",\"rex_effect_filter_colorize_filter_g\":\"\",\"rex_effect_filter_colorize_filter_b\":\"\"},\"rex_effect_image_properties\":{\"rex_effect_image_properties_jpg_quality\":\"\",\"rex_effect_image_properties_png_compression\":\"\",\"rex_effect_image_properties_webp_quality\":\"\",\"rex_effect_image_properties_interlace\":null},\"rex_effect_focuspoint_fit\":{\"rex_effect_focuspoint_fit_meta\":\"med_focuspoint\",\"rex_effect_focuspoint_fit_focus\":\"\",\"rex_effect_focuspoint_fit_width\":\"\",\"rex_effect_focuspoint_fit_height\":\"\",\"rex_effect_focuspoint_fit_zoom\":\"0%\"},\"rex_effect_filter_brightness\":{\"rex_effect_filter_brightness_brightness\":\"\"},\"rex_effect_flip\":{\"rex_effect_flip_flip\":\"X\"},\"rex_effect_image_format\":{\"rex_effect_image_format_convert_to\":\"webp\"},\"rex_effect_filter_contrast\":{\"rex_effect_filter_contrast_contrast\":\"\"},\"rex_effect_filter_sharpen\":{\"rex_effect_filter_sharpen_amount\":\"40\",\"rex_effect_filter_sharpen_radius\":\"0.5\",\"rex_effect_filter_sharpen_threshold\":\"3\"},\"rex_effect_resize\":{\"rex_effect_resize_width\":\"\",\"rex_effect_resize_height\":\"\",\"rex_effect_resize_style\":\"maximum\",\"rex_effect_resize_allow_enlarge\":\"enlarge\"},\"rex_effect_filter_blur\":{\"rex_effect_filter_blur_repeats\":\"10\",\"rex_effect_filter_blur_type\":\"gaussian\",\"rex_effect_filter_blur_smoothit\":\"\"},\"rex_effect_mirror\":{\"rex_effect_mirror_height\":\"\",\"rex_effect_mirror_opacity\":\"100\",\"rex_effect_mirror_set_transparent\":\"colored\",\"rex_effect_mirror_bg_r\":\"\",\"rex_effect_mirror_bg_g\":\"\",\"rex_effect_mirror_bg_b\":\"\"},\"rex_effect_header\":{\"rex_effect_header_download\":\"open_media\",\"rex_effect_header_cache\":\"no_cache\",\"rex_effect_header_filename\":\"filename\"},\"rex_effect_convert2img\":{\"rex_effect_convert2img_convert_to\":\"jpg\",\"rex_effect_convert2img_density\":\"150\",\"rex_effect_convert2img_color\":\"\"},\"rex_effect_mediapath\":{\"rex_effect_mediapath_mediapath\":\"\"}}', 3, '2022-12-27 14:51:54', 'admin', '2022-12-27 14:51:54', 'admin'),
( 22, 'convert2img', '{\"rex_effect_rounded_corners\":{\"rex_effect_rounded_corners_topleft\":\"\",\"rex_effect_rounded_corners_topright\":\"\",\"rex_effect_rounded_corners_bottomleft\":\"\",\"rex_effect_rounded_corners_bottomright\":\"\"},\"rex_effect_workspace\":{\"rex_effect_workspace_set_transparent\":\"colored\",\"rex_effect_workspace_width\":\"\",\"rex_effect_workspace_height\":\"\",\"rex_effect_workspace_hpos\":\"left\",\"rex_effect_workspace_vpos\":\"top\",\"rex_effect_workspace_padding_x\":\"0\",\"rex_effect_workspace_padding_y\":\"0\",\"rex_effect_workspace_bg_r\":\"\",\"rex_effect_workspace_bg_g\":\"\",\"rex_effect_workspace_bg_b\":\"\",\"rex_effect_workspace_bgimage\":\"\"},\"rex_effect_crop\":{\"rex_effect_crop_width\":\"\",\"rex_effect_crop_height\":\"\",\"rex_effect_crop_offset_width\":\"\",\"rex_effect_crop_offset_height\":\"\",\"rex_effect_crop_hpos\":\"center\",\"rex_effect_crop_vpos\":\"middle\"},\"rex_effect_insert_image\":{\"rex_effect_insert_image_brandimage\":\"\",\"rex_effect_insert_image_hpos\":\"left\",\"rex_effect_insert_image_vpos\":\"top\",\"rex_effect_insert_image_padding_x\":\"-10\",\"rex_effect_insert_image_padding_y\":\"-10\"},\"rex_effect_rotate\":{\"rex_effect_rotate_rotate\":\"0\"},\"rex_effect_filter_colorize\":{\"rex_effect_filter_colorize_filter_r\":\"\",\"rex_effect_filter_colorize_filter_g\":\"\",\"rex_effect_filter_colorize_filter_b\":\"\"},\"rex_effect_image_properties\":{\"rex_effect_image_properties_jpg_quality\":\"\",\"rex_effect_image_properties_png_compression\":\"\",\"rex_effect_image_properties_webp_quality\":\"\",\"rex_effect_image_properties_avif_quality\":\"\",\"rex_effect_image_properties_avif_speed\":\"\",\"rex_effect_image_properties_interlace\":null},\"rex_effect_focuspoint_fit\":{\"rex_effect_focuspoint_fit_meta\":\"med_focuspoint\",\"rex_effect_focuspoint_fit_focus\":\"\",\"rex_effect_focuspoint_fit_width\":\"\",\"rex_effect_focuspoint_fit_height\":\"\",\"rex_effect_focuspoint_fit_zoom\":\"0%\"},\"rex_effect_filter_brightness\":{\"rex_effect_filter_brightness_brightness\":\"\"},\"rex_effect_flip\":{\"rex_effect_flip_flip\":\"X\"},\"rex_effect_image_format\":{\"rex_effect_image_format_convert_to\":\"webp\"},\"rex_effect_filter_contrast\":{\"rex_effect_filter_contrast_contrast\":\"\"},\"rex_effect_filter_sharpen\":{\"rex_effect_filter_sharpen_amount\":\"80\",\"rex_effect_filter_sharpen_radius\":\"0.5\",\"rex_effect_filter_sharpen_threshold\":\"3\"},\"rex_effect_resize\":{\"rex_effect_resize_width\":\"\",\"rex_effect_resize_height\":\"\",\"rex_effect_resize_style\":\"maximum\",\"rex_effect_resize_allow_enlarge\":\"enlarge\"},\"rex_effect_filter_blur\":{\"rex_effect_filter_blur_repeats\":\"10\",\"rex_effect_filter_blur_type\":\"gaussian\",\"rex_effect_filter_blur_smoothit\":\"\"},\"rex_effect_mirror\":{\"rex_effect_mirror_height\":\"\",\"rex_effect_mirror_opacity\":\"100\",\"rex_effect_mirror_set_transparent\":\"colored\",\"rex_effect_mirror_bg_r\":\"\",\"rex_effect_mirror_bg_g\":\"\",\"rex_effect_mirror_bg_b\":\"\"},\"rex_effect_header\":{\"rex_effect_header_download\":\"open_media\",\"rex_effect_header_cache\":\"no_cache\",\"rex_effect_header_filename\":\"filename\",\"rex_effect_header_index\":\"index\"},\"rex_effect_convert2img\":{\"rex_effect_convert2img_convert_to\":\"jpg\",\"rex_effect_convert2img_density\":\"150\",\"rex_effect_convert2img_color\":\"\"},\"rex_effect_mediapath\":{\"rex_effect_mediapath_mediapath\":\"\"}}', 3, '2023-03-15 15:27:00', 'admin', '2023-03-15 15:27:00', 'admin'),
( 11, 'negotiator', '{\"rex_effect_rounded_corners\":{\"rex_effect_rounded_corners_topleft\":\"\",\"rex_effect_rounded_corners_topright\":\"\",\"rex_effect_rounded_corners_bottomleft\":\"\",\"rex_effect_rounded_corners_bottomright\":\"\"},\"rex_effect_workspace\":{\"rex_effect_workspace_set_transparent\":\"colored\",\"rex_effect_workspace_width\":\"\",\"rex_effect_workspace_height\":\"\",\"rex_effect_workspace_hpos\":\"left\",\"rex_effect_workspace_vpos\":\"top\",\"rex_effect_workspace_padding_x\":\"0\",\"rex_effect_workspace_padding_y\":\"0\",\"rex_effect_workspace_bg_r\":\"\",\"rex_effect_workspace_bg_g\":\"\",\"rex_effect_workspace_bg_b\":\"\",\"rex_effect_workspace_bgimage\":\"\"},\"rex_effect_crop\":{\"rex_effect_crop_width\":\"\",\"rex_effect_crop_height\":\"\",\"rex_effect_crop_offset_width\":\"\",\"rex_effect_crop_offset_height\":\"\",\"rex_effect_crop_hpos\":\"center\",\"rex_effect_crop_vpos\":\"middle\"},\"rex_effect_insert_image\":{\"rex_effect_insert_image_brandimage\":\"\",\"rex_effect_insert_image_hpos\":\"left\",\"rex_effect_insert_image_vpos\":\"top\",\"rex_effect_insert_image_padding_x\":\"-10\",\"rex_effect_insert_image_padding_y\":\"-10\"},\"rex_effect_rotate\":{\"rex_effect_rotate_rotate\":\"0\"},\"rex_effect_filter_colorize\":{\"rex_effect_filter_colorize_filter_r\":\"\",\"rex_effect_filter_colorize_filter_g\":\"\",\"rex_effect_filter_colorize_filter_b\":\"\"},\"rex_effect_image_properties\":{\"rex_effect_image_properties_jpg_quality\":\"\",\"rex_effect_image_properties_png_compression\":\"\",\"rex_effect_image_properties_webp_quality\":\"\",\"rex_effect_image_properties_avif_quality\":\"\",\"rex_effect_image_properties_avif_speed\":\"\",\"rex_effect_image_properties_interlace\":null},\"rex_effect_focuspoint_fit\":{\"rex_effect_focuspoint_fit_meta\":\"med_focuspoint\",\"rex_effect_focuspoint_fit_focus\":\"\",\"rex_effect_focuspoint_fit_width\":\"\",\"rex_effect_focuspoint_fit_height\":\"\",\"rex_effect_focuspoint_fit_zoom\":\"0%\"},\"rex_effect_filter_brightness\":{\"rex_effect_filter_brightness_brightness\":\"\"},\"rex_effect_flip\":{\"rex_effect_flip_flip\":\"X\"},\"rex_effect_image_format\":{\"rex_effect_image_format_convert_to\":\"webp\"},\"rex_effect_filter_contrast\":{\"rex_effect_filter_contrast_contrast\":\"\"},\"rex_effect_filter_sharpen\":{\"rex_effect_filter_sharpen_amount\":\"80\",\"rex_effect_filter_sharpen_radius\":\"0.5\",\"rex_effect_filter_sharpen_threshold\":\"3\"},\"rex_effect_resize\":{\"rex_effect_resize_width\":\"\",\"rex_effect_resize_height\":\"\",\"rex_effect_resize_style\":\"maximum\",\"rex_effect_resize_allow_enlarge\":\"enlarge\"},\"rex_effect_filter_blur\":{\"rex_effect_filter_blur_repeats\":\"10\",\"rex_effect_filter_blur_type\":\"gaussian\",\"rex_effect_filter_blur_smoothit\":\"\"},\"rex_effect_mirror\":{\"rex_effect_mirror_height\":\"\",\"rex_effect_mirror_opacity\":\"100\",\"rex_effect_mirror_set_transparent\":\"colored\",\"rex_effect_mirror_bg_r\":\"\",\"rex_effect_mirror_bg_g\":\"\",\"rex_effect_mirror_bg_b\":\"\"},\"rex_effect_header\":{\"rex_effect_header_download\":\"open_media\",\"rex_effect_header_cache\":\"no_cache\",\"rex_effect_header_filename\":\"filename\",\"rex_effect_header_index\":\"index\"},\"rex_effect_convert2img\":{\"rex_effect_convert2img_convert_to\":\"jpg\",\"rex_effect_convert2img_density\":\"150\",\"rex_effect_convert2img_color\":\"\"},\"rex_effect_mediapath\":{\"rex_effect_mediapath_mediapath\":\"\"},\"rex_effect_negotiator\":{\"rex_effect_negotiator_mediatyp\":\"default\"}}', 2, '2023-03-22 10:43:12', 'admin', '2023-08-03 13:43:37', 'admin'),
( 112, 'negotiator', '{\"rex_effect_rounded_corners\":{\"rex_effect_rounded_corners_topleft\":\"\",\"rex_effect_rounded_corners_topright\":\"\",\"rex_effect_rounded_corners_bottomleft\":\"\",\"rex_effect_rounded_corners_bottomright\":\"\"},\"rex_effect_workspace\":{\"rex_effect_workspace_set_transparent\":\"colored\",\"rex_effect_workspace_width\":\"\",\"rex_effect_workspace_height\":\"\",\"rex_effect_workspace_hpos\":\"left\",\"rex_effect_workspace_vpos\":\"top\",\"rex_effect_workspace_padding_x\":\"0\",\"rex_effect_workspace_padding_y\":\"0\",\"rex_effect_workspace_bg_r\":\"\",\"rex_effect_workspace_bg_g\":\"\",\"rex_effect_workspace_bg_b\":\"\",\"rex_effect_workspace_bgimage\":\"\"},\"rex_effect_crop\":{\"rex_effect_crop_width\":\"\",\"rex_effect_crop_height\":\"\",\"rex_effect_crop_offset_width\":\"\",\"rex_effect_crop_offset_height\":\"\",\"rex_effect_crop_hpos\":\"center\",\"rex_effect_crop_vpos\":\"middle\"},\"rex_effect_insert_image\":{\"rex_effect_insert_image_brandimage\":\"\",\"rex_effect_insert_image_hpos\":\"left\",\"rex_effect_insert_image_vpos\":\"top\",\"rex_effect_insert_image_padding_x\":\"-10\",\"rex_effect_insert_image_padding_y\":\"-10\"},\"rex_effect_rotate\":{\"rex_effect_rotate_rotate\":\"0\"},\"rex_effect_filter_colorize\":{\"rex_effect_filter_colorize_filter_r\":\"\",\"rex_effect_filter_colorize_filter_g\":\"\",\"rex_effect_filter_colorize_filter_b\":\"\"},\"rex_effect_image_properties\":{\"rex_effect_image_properties_jpg_quality\":\"\",\"rex_effect_image_properties_png_compression\":\"\",\"rex_effect_image_properties_webp_quality\":\"\",\"rex_effect_image_properties_avif_quality\":\"\",\"rex_effect_image_properties_avif_speed\":\"\",\"rex_effect_image_properties_interlace\":null},\"rex_effect_focuspoint_fit\":{\"rex_effect_focuspoint_fit_meta\":\"med_focuspoint\",\"rex_effect_focuspoint_fit_focus\":\"\",\"rex_effect_focuspoint_fit_width\":\"\",\"rex_effect_focuspoint_fit_height\":\"\",\"rex_effect_focuspoint_fit_zoom\":\"0%\"},\"rex_effect_filter_brightness\":{\"rex_effect_filter_brightness_brightness\":\"\"},\"rex_effect_flip\":{\"rex_effect_flip_flip\":\"X\"},\"rex_effect_image_format\":{\"rex_effect_image_format_convert_to\":\"webp\"},\"rex_effect_filter_contrast\":{\"rex_effect_filter_contrast_contrast\":\"\"},\"rex_effect_filter_sharpen\":{\"rex_effect_filter_sharpen_amount\":\"80\",\"rex_effect_filter_sharpen_radius\":\"0.5\",\"rex_effect_filter_sharpen_threshold\":\"3\"},\"rex_effect_resize\":{\"rex_effect_resize_width\":\"\",\"rex_effect_resize_height\":\"\",\"rex_effect_resize_style\":\"maximum\",\"rex_effect_resize_allow_enlarge\":\"enlarge\"},\"rex_effect_filter_blur\":{\"rex_effect_filter_blur_repeats\":\"10\",\"rex_effect_filter_blur_type\":\"gaussian\",\"rex_effect_filter_blur_smoothit\":\"\"},\"rex_effect_mirror\":{\"rex_effect_mirror_height\":\"\",\"rex_effect_mirror_opacity\":\"100\",\"rex_effect_mirror_set_transparent\":\"colored\",\"rex_effect_mirror_bg_r\":\"\",\"rex_effect_mirror_bg_g\":\"\",\"rex_effect_mirror_bg_b\":\"\"},\"rex_effect_header\":{\"rex_effect_header_download\":\"open_media\",\"rex_effect_header_cache\":\"no_cache\",\"rex_effect_header_filename\":\"filename\",\"rex_effect_header_index\":\"index\"},\"rex_effect_convert2img\":{\"rex_effect_convert2img_convert_to\":\"jpg\",\"rex_effect_convert2img_density\":\"150\",\"rex_effect_convert2img_color\":\"\"},\"rex_effect_mediapath\":{\"rex_effect_mediapath_mediapath\":\"\"},\"rex_effect_negotiator\":{\"rex_effect_negotiator_mediatyp\":\"default-c\"}}', 2, '2023-03-22 10:43:20', 'admin', '2023-08-03 13:47:59', 'admin'),
( 14, 'negotiator', '{\"rex_effect_rounded_corners\":{\"rex_effect_rounded_corners_topleft\":\"\",\"rex_effect_rounded_corners_topright\":\"\",\"rex_effect_rounded_corners_bottomleft\":\"\",\"rex_effect_rounded_corners_bottomright\":\"\"},\"rex_effect_workspace\":{\"rex_effect_workspace_set_transparent\":\"colored\",\"rex_effect_workspace_width\":\"\",\"rex_effect_workspace_height\":\"\",\"rex_effect_workspace_hpos\":\"left\",\"rex_effect_workspace_vpos\":\"top\",\"rex_effect_workspace_padding_x\":\"0\",\"rex_effect_workspace_padding_y\":\"0\",\"rex_effect_workspace_bg_r\":\"\",\"rex_effect_workspace_bg_g\":\"\",\"rex_effect_workspace_bg_b\":\"\",\"rex_effect_workspace_bgimage\":\"\"},\"rex_effect_crop\":{\"rex_effect_crop_width\":\"\",\"rex_effect_crop_height\":\"\",\"rex_effect_crop_offset_width\":\"\",\"rex_effect_crop_offset_height\":\"\",\"rex_effect_crop_hpos\":\"center\",\"rex_effect_crop_vpos\":\"middle\"},\"rex_effect_insert_image\":{\"rex_effect_insert_image_brandimage\":\"\",\"rex_effect_insert_image_hpos\":\"left\",\"rex_effect_insert_image_vpos\":\"top\",\"rex_effect_insert_image_padding_x\":\"-10\",\"rex_effect_insert_image_padding_y\":\"-10\"},\"rex_effect_rotate\":{\"rex_effect_rotate_rotate\":\"0\"},\"rex_effect_filter_colorize\":{\"rex_effect_filter_colorize_filter_r\":\"\",\"rex_effect_filter_colorize_filter_g\":\"\",\"rex_effect_filter_colorize_filter_b\":\"\"},\"rex_effect_image_properties\":{\"rex_effect_image_properties_jpg_quality\":\"\",\"rex_effect_image_properties_png_compression\":\"\",\"rex_effect_image_properties_webp_quality\":\"\",\"rex_effect_image_properties_avif_quality\":\"\",\"rex_effect_image_properties_avif_speed\":\"\",\"rex_effect_image_properties_interlace\":null},\"rex_effect_focuspoint_fit\":{\"rex_effect_focuspoint_fit_meta\":\"med_focuspoint\",\"rex_effect_focuspoint_fit_focus\":\"\",\"rex_effect_focuspoint_fit_width\":\"\",\"rex_effect_focuspoint_fit_height\":\"\",\"rex_effect_focuspoint_fit_zoom\":\"0%\"},\"rex_effect_filter_brightness\":{\"rex_effect_filter_brightness_brightness\":\"\"},\"rex_effect_flip\":{\"rex_effect_flip_flip\":\"X\"},\"rex_effect_image_format\":{\"rex_effect_image_format_convert_to\":\"webp\"},\"rex_effect_filter_contrast\":{\"rex_effect_filter_contrast_contrast\":\"\"},\"rex_effect_filter_sharpen\":{\"rex_effect_filter_sharpen_amount\":\"80\",\"rex_effect_filter_sharpen_radius\":\"0.5\",\"rex_effect_filter_sharpen_threshold\":\"3\"},\"rex_effect_resize\":{\"rex_effect_resize_width\":\"\",\"rex_effect_resize_height\":\"\",\"rex_effect_resize_style\":\"maximum\",\"rex_effect_resize_allow_enlarge\":\"enlarge\"},\"rex_effect_filter_blur\":{\"rex_effect_filter_blur_repeats\":\"10\",\"rex_effect_filter_blur_type\":\"gaussian\",\"rex_effect_filter_blur_smoothit\":\"\"},\"rex_effect_mirror\":{\"rex_effect_mirror_height\":\"\",\"rex_effect_mirror_opacity\":\"100\",\"rex_effect_mirror_set_transparent\":\"colored\",\"rex_effect_mirror_bg_r\":\"\",\"rex_effect_mirror_bg_g\":\"\",\"rex_effect_mirror_bg_b\":\"\"},\"rex_effect_header\":{\"rex_effect_header_download\":\"open_media\",\"rex_effect_header_cache\":\"no_cache\",\"rex_effect_header_filename\":\"filename\",\"rex_effect_header_index\":\"index\"},\"rex_effect_convert2img\":{\"rex_effect_convert2img_convert_to\":\"jpg\",\"rex_effect_convert2img_density\":\"150\",\"rex_effect_convert2img_color\":\"\"},\"rex_effect_mediapath\":{\"rex_effect_mediapath_mediapath\":\"\"},\"rex_effect_negotiator\":{\"rex_effect_negotiator_mediatyp\":\"default-l\"}}', 2, '2023-03-22 10:43:31', 'admin', '2023-08-03 13:48:02', 'admin');
INSERT INTO `rex_media_manager_type_effect` (`type_id`, `effect`, `parameters`, `priority`, `createdate`, `createuser`, `updatedate`, `updateuser`) VALUES
( 117, 'negotiator', '{\"rex_effect_rounded_corners\":{\"rex_effect_rounded_corners_topleft\":\"\",\"rex_effect_rounded_corners_topright\":\"\",\"rex_effect_rounded_corners_bottomleft\":\"\",\"rex_effect_rounded_corners_bottomright\":\"\"},\"rex_effect_workspace\":{\"rex_effect_workspace_set_transparent\":\"colored\",\"rex_effect_workspace_width\":\"\",\"rex_effect_workspace_height\":\"\",\"rex_effect_workspace_hpos\":\"left\",\"rex_effect_workspace_vpos\":\"top\",\"rex_effect_workspace_padding_x\":\"0\",\"rex_effect_workspace_padding_y\":\"0\",\"rex_effect_workspace_bg_r\":\"\",\"rex_effect_workspace_bg_g\":\"\",\"rex_effect_workspace_bg_b\":\"\",\"rex_effect_workspace_bgimage\":\"\"},\"rex_effect_crop\":{\"rex_effect_crop_width\":\"\",\"rex_effect_crop_height\":\"\",\"rex_effect_crop_offset_width\":\"\",\"rex_effect_crop_offset_height\":\"\",\"rex_effect_crop_hpos\":\"center\",\"rex_effect_crop_vpos\":\"middle\"},\"rex_effect_insert_image\":{\"rex_effect_insert_image_brandimage\":\"\",\"rex_effect_insert_image_hpos\":\"left\",\"rex_effect_insert_image_vpos\":\"top\",\"rex_effect_insert_image_padding_x\":\"-10\",\"rex_effect_insert_image_padding_y\":\"-10\"},\"rex_effect_rotate\":{\"rex_effect_rotate_rotate\":\"0\"},\"rex_effect_filter_colorize\":{\"rex_effect_filter_colorize_filter_r\":\"\",\"rex_effect_filter_colorize_filter_g\":\"\",\"rex_effect_filter_colorize_filter_b\":\"\"},\"rex_effect_image_properties\":{\"rex_effect_image_properties_jpg_quality\":\"\",\"rex_effect_image_properties_png_compression\":\"\",\"rex_effect_image_properties_webp_quality\":\"\",\"rex_effect_image_properties_avif_quality\":\"\",\"rex_effect_image_properties_avif_speed\":\"\",\"rex_effect_image_properties_interlace\":null},\"rex_effect_focuspoint_fit\":{\"rex_effect_focuspoint_fit_meta\":\"med_focuspoint\",\"rex_effect_focuspoint_fit_focus\":\"\",\"rex_effect_focuspoint_fit_width\":\"\",\"rex_effect_focuspoint_fit_height\":\"\",\"rex_effect_focuspoint_fit_zoom\":\"0%\"},\"rex_effect_filter_brightness\":{\"rex_effect_filter_brightness_brightness\":\"\"},\"rex_effect_flip\":{\"rex_effect_flip_flip\":\"X\"},\"rex_effect_image_format\":{\"rex_effect_image_format_convert_to\":\"webp\"},\"rex_effect_filter_contrast\":{\"rex_effect_filter_contrast_contrast\":\"\"},\"rex_effect_filter_sharpen\":{\"rex_effect_filter_sharpen_amount\":\"80\",\"rex_effect_filter_sharpen_radius\":\"0.5\",\"rex_effect_filter_sharpen_threshold\":\"3\"},\"rex_effect_resize\":{\"rex_effect_resize_width\":\"\",\"rex_effect_resize_height\":\"\",\"rex_effect_resize_style\":\"maximum\",\"rex_effect_resize_allow_enlarge\":\"enlarge\"},\"rex_effect_filter_blur\":{\"rex_effect_filter_blur_repeats\":\"10\",\"rex_effect_filter_blur_type\":\"gaussian\",\"rex_effect_filter_blur_smoothit\":\"\"},\"rex_effect_mirror\":{\"rex_effect_mirror_height\":\"\",\"rex_effect_mirror_opacity\":\"100\",\"rex_effect_mirror_set_transparent\":\"colored\",\"rex_effect_mirror_bg_r\":\"\",\"rex_effect_mirror_bg_g\":\"\",\"rex_effect_mirror_bg_b\":\"\"},\"rex_effect_header\":{\"rex_effect_header_download\":\"open_media\",\"rex_effect_header_cache\":\"no_cache\",\"rex_effect_header_filename\":\"filename\",\"rex_effect_header_index\":\"index\"},\"rex_effect_convert2img\":{\"rex_effect_convert2img_convert_to\":\"jpg\",\"rex_effect_convert2img_density\":\"150\",\"rex_effect_convert2img_color\":\"\"},\"rex_effect_mediapath\":{\"rex_effect_mediapath_mediapath\":\"\"},\"rex_effect_negotiator\":{\"rex_effect_negotiator_mediatyp\":\"default-l-c\"}}', 2, '2023-03-22 10:43:41', 'admin', '2023-08-03 13:48:07', 'admin'),
( 123, 'negotiator', '{\"rex_effect_rounded_corners\":{\"rex_effect_rounded_corners_topleft\":\"\",\"rex_effect_rounded_corners_topright\":\"\",\"rex_effect_rounded_corners_bottomleft\":\"\",\"rex_effect_rounded_corners_bottomright\":\"\"},\"rex_effect_workspace\":{\"rex_effect_workspace_set_transparent\":\"colored\",\"rex_effect_workspace_width\":\"\",\"rex_effect_workspace_height\":\"\",\"rex_effect_workspace_hpos\":\"left\",\"rex_effect_workspace_vpos\":\"top\",\"rex_effect_workspace_padding_x\":\"0\",\"rex_effect_workspace_padding_y\":\"0\",\"rex_effect_workspace_bg_r\":\"\",\"rex_effect_workspace_bg_g\":\"\",\"rex_effect_workspace_bg_b\":\"\",\"rex_effect_workspace_bgimage\":\"\"},\"rex_effect_crop\":{\"rex_effect_crop_width\":\"\",\"rex_effect_crop_height\":\"\",\"rex_effect_crop_offset_width\":\"\",\"rex_effect_crop_offset_height\":\"\",\"rex_effect_crop_hpos\":\"center\",\"rex_effect_crop_vpos\":\"middle\"},\"rex_effect_insert_image\":{\"rex_effect_insert_image_brandimage\":\"\",\"rex_effect_insert_image_hpos\":\"left\",\"rex_effect_insert_image_vpos\":\"top\",\"rex_effect_insert_image_padding_x\":\"-10\",\"rex_effect_insert_image_padding_y\":\"-10\"},\"rex_effect_rotate\":{\"rex_effect_rotate_rotate\":\"0\"},\"rex_effect_filter_colorize\":{\"rex_effect_filter_colorize_filter_r\":\"\",\"rex_effect_filter_colorize_filter_g\":\"\",\"rex_effect_filter_colorize_filter_b\":\"\"},\"rex_effect_image_properties\":{\"rex_effect_image_properties_jpg_quality\":\"\",\"rex_effect_image_properties_png_compression\":\"\",\"rex_effect_image_properties_webp_quality\":\"\",\"rex_effect_image_properties_avif_quality\":\"\",\"rex_effect_image_properties_avif_speed\":\"\",\"rex_effect_image_properties_interlace\":null},\"rex_effect_focuspoint_fit\":{\"rex_effect_focuspoint_fit_meta\":\"med_focuspoint\",\"rex_effect_focuspoint_fit_focus\":\"\",\"rex_effect_focuspoint_fit_width\":\"\",\"rex_effect_focuspoint_fit_height\":\"\",\"rex_effect_focuspoint_fit_zoom\":\"0%\"},\"rex_effect_filter_brightness\":{\"rex_effect_filter_brightness_brightness\":\"\"},\"rex_effect_flip\":{\"rex_effect_flip_flip\":\"X\"},\"rex_effect_image_format\":{\"rex_effect_image_format_convert_to\":\"webp\"},\"rex_effect_filter_contrast\":{\"rex_effect_filter_contrast_contrast\":\"\"},\"rex_effect_filter_sharpen\":{\"rex_effect_filter_sharpen_amount\":\"80\",\"rex_effect_filter_sharpen_radius\":\"0.5\",\"rex_effect_filter_sharpen_threshold\":\"3\"},\"rex_effect_resize\":{\"rex_effect_resize_width\":\"\",\"rex_effect_resize_height\":\"\",\"rex_effect_resize_style\":\"maximum\",\"rex_effect_resize_allow_enlarge\":\"enlarge\"},\"rex_effect_filter_blur\":{\"rex_effect_filter_blur_repeats\":\"10\",\"rex_effect_filter_blur_type\":\"gaussian\",\"rex_effect_filter_blur_smoothit\":\"\"},\"rex_effect_mirror\":{\"rex_effect_mirror_height\":\"\",\"rex_effect_mirror_opacity\":\"100\",\"rex_effect_mirror_set_transparent\":\"colored\",\"rex_effect_mirror_bg_r\":\"\",\"rex_effect_mirror_bg_g\":\"\",\"rex_effect_mirror_bg_b\":\"\"},\"rex_effect_header\":{\"rex_effect_header_download\":\"open_media\",\"rex_effect_header_cache\":\"no_cache\",\"rex_effect_header_filename\":\"filename\",\"rex_effect_header_index\":\"index\"},\"rex_effect_convert2img\":{\"rex_effect_convert2img_convert_to\":\"jpg\",\"rex_effect_convert2img_density\":\"150\",\"rex_effect_convert2img_color\":\"\"},\"rex_effect_mediapath\":{\"rex_effect_mediapath_mediapath\":\"\"},\"rex_effect_negotiator\":{\"rex_effect_negotiator_mediatyp\":\"default-l-sq\"}}', 2, '2023-03-22 10:44:07', 'admin', '2023-08-03 13:48:10', 'admin'),
( 6, 'negotiator', '{\"rex_effect_rounded_corners\":{\"rex_effect_rounded_corners_topleft\":\"\",\"rex_effect_rounded_corners_topright\":\"\",\"rex_effect_rounded_corners_bottomleft\":\"\",\"rex_effect_rounded_corners_bottomright\":\"\"},\"rex_effect_workspace\":{\"rex_effect_workspace_set_transparent\":\"colored\",\"rex_effect_workspace_width\":\"\",\"rex_effect_workspace_height\":\"\",\"rex_effect_workspace_hpos\":\"left\",\"rex_effect_workspace_vpos\":\"top\",\"rex_effect_workspace_padding_x\":\"0\",\"rex_effect_workspace_padding_y\":\"0\",\"rex_effect_workspace_bg_r\":\"\",\"rex_effect_workspace_bg_g\":\"\",\"rex_effect_workspace_bg_b\":\"\",\"rex_effect_workspace_bgimage\":\"\"},\"rex_effect_crop\":{\"rex_effect_crop_width\":\"\",\"rex_effect_crop_height\":\"\",\"rex_effect_crop_offset_width\":\"\",\"rex_effect_crop_offset_height\":\"\",\"rex_effect_crop_hpos\":\"center\",\"rex_effect_crop_vpos\":\"middle\"},\"rex_effect_insert_image\":{\"rex_effect_insert_image_brandimage\":\"\",\"rex_effect_insert_image_hpos\":\"left\",\"rex_effect_insert_image_vpos\":\"top\",\"rex_effect_insert_image_padding_x\":\"-10\",\"rex_effect_insert_image_padding_y\":\"-10\"},\"rex_effect_rotate\":{\"rex_effect_rotate_rotate\":\"0\"},\"rex_effect_filter_colorize\":{\"rex_effect_filter_colorize_filter_r\":\"\",\"rex_effect_filter_colorize_filter_g\":\"\",\"rex_effect_filter_colorize_filter_b\":\"\"},\"rex_effect_image_properties\":{\"rex_effect_image_properties_jpg_quality\":\"\",\"rex_effect_image_properties_png_compression\":\"\",\"rex_effect_image_properties_webp_quality\":\"\",\"rex_effect_image_properties_avif_quality\":\"\",\"rex_effect_image_properties_avif_speed\":\"\",\"rex_effect_image_properties_interlace\":null},\"rex_effect_focuspoint_fit\":{\"rex_effect_focuspoint_fit_meta\":\"med_focuspoint\",\"rex_effect_focuspoint_fit_focus\":\"\",\"rex_effect_focuspoint_fit_width\":\"\",\"rex_effect_focuspoint_fit_height\":\"\",\"rex_effect_focuspoint_fit_zoom\":\"0%\"},\"rex_effect_filter_brightness\":{\"rex_effect_filter_brightness_brightness\":\"\"},\"rex_effect_flip\":{\"rex_effect_flip_flip\":\"X\"},\"rex_effect_image_format\":{\"rex_effect_image_format_convert_to\":\"webp\"},\"rex_effect_filter_contrast\":{\"rex_effect_filter_contrast_contrast\":\"\"},\"rex_effect_filter_sharpen\":{\"rex_effect_filter_sharpen_amount\":\"80\",\"rex_effect_filter_sharpen_radius\":\"0.5\",\"rex_effect_filter_sharpen_threshold\":\"3\"},\"rex_effect_resize\":{\"rex_effect_resize_width\":\"\",\"rex_effect_resize_height\":\"\",\"rex_effect_resize_style\":\"maximum\",\"rex_effect_resize_allow_enlarge\":\"enlarge\"},\"rex_effect_filter_blur\":{\"rex_effect_filter_blur_repeats\":\"10\",\"rex_effect_filter_blur_type\":\"gaussian\",\"rex_effect_filter_blur_smoothit\":\"\"},\"rex_effect_mirror\":{\"rex_effect_mirror_height\":\"\",\"rex_effect_mirror_opacity\":\"100\",\"rex_effect_mirror_set_transparent\":\"colored\",\"rex_effect_mirror_bg_r\":\"\",\"rex_effect_mirror_bg_g\":\"\",\"rex_effect_mirror_bg_b\":\"\"},\"rex_effect_header\":{\"rex_effect_header_download\":\"open_media\",\"rex_effect_header_cache\":\"no_cache\",\"rex_effect_header_filename\":\"filename\",\"rex_effect_header_index\":\"index\"},\"rex_effect_convert2img\":{\"rex_effect_convert2img_convert_to\":\"jpg\",\"rex_effect_convert2img_density\":\"150\",\"rex_effect_convert2img_color\":\"\"},\"rex_effect_mediapath\":{\"rex_effect_mediapath_mediapath\":\"\"},\"rex_effect_negotiator\":{\"rex_effect_negotiator_mediatyp\":\"default-m\"}}', 2, '2023-03-22 10:44:16', 'admin', '2023-08-03 13:48:13', 'admin'),
( 116, 'negotiator', '{\"rex_effect_rounded_corners\":{\"rex_effect_rounded_corners_topleft\":\"\",\"rex_effect_rounded_corners_topright\":\"\",\"rex_effect_rounded_corners_bottomleft\":\"\",\"rex_effect_rounded_corners_bottomright\":\"\"},\"rex_effect_workspace\":{\"rex_effect_workspace_set_transparent\":\"colored\",\"rex_effect_workspace_width\":\"\",\"rex_effect_workspace_height\":\"\",\"rex_effect_workspace_hpos\":\"left\",\"rex_effect_workspace_vpos\":\"top\",\"rex_effect_workspace_padding_x\":\"0\",\"rex_effect_workspace_padding_y\":\"0\",\"rex_effect_workspace_bg_r\":\"\",\"rex_effect_workspace_bg_g\":\"\",\"rex_effect_workspace_bg_b\":\"\",\"rex_effect_workspace_bgimage\":\"\"},\"rex_effect_crop\":{\"rex_effect_crop_width\":\"\",\"rex_effect_crop_height\":\"\",\"rex_effect_crop_offset_width\":\"\",\"rex_effect_crop_offset_height\":\"\",\"rex_effect_crop_hpos\":\"center\",\"rex_effect_crop_vpos\":\"middle\"},\"rex_effect_insert_image\":{\"rex_effect_insert_image_brandimage\":\"\",\"rex_effect_insert_image_hpos\":\"left\",\"rex_effect_insert_image_vpos\":\"top\",\"rex_effect_insert_image_padding_x\":\"-10\",\"rex_effect_insert_image_padding_y\":\"-10\"},\"rex_effect_rotate\":{\"rex_effect_rotate_rotate\":\"0\"},\"rex_effect_filter_colorize\":{\"rex_effect_filter_colorize_filter_r\":\"\",\"rex_effect_filter_colorize_filter_g\":\"\",\"rex_effect_filter_colorize_filter_b\":\"\"},\"rex_effect_image_properties\":{\"rex_effect_image_properties_jpg_quality\":\"\",\"rex_effect_image_properties_png_compression\":\"\",\"rex_effect_image_properties_webp_quality\":\"\",\"rex_effect_image_properties_avif_quality\":\"\",\"rex_effect_image_properties_avif_speed\":\"\",\"rex_effect_image_properties_interlace\":null},\"rex_effect_focuspoint_fit\":{\"rex_effect_focuspoint_fit_meta\":\"med_focuspoint\",\"rex_effect_focuspoint_fit_focus\":\"\",\"rex_effect_focuspoint_fit_width\":\"\",\"rex_effect_focuspoint_fit_height\":\"\",\"rex_effect_focuspoint_fit_zoom\":\"0%\"},\"rex_effect_filter_brightness\":{\"rex_effect_filter_brightness_brightness\":\"\"},\"rex_effect_flip\":{\"rex_effect_flip_flip\":\"X\"},\"rex_effect_image_format\":{\"rex_effect_image_format_convert_to\":\"webp\"},\"rex_effect_filter_contrast\":{\"rex_effect_filter_contrast_contrast\":\"\"},\"rex_effect_filter_sharpen\":{\"rex_effect_filter_sharpen_amount\":\"80\",\"rex_effect_filter_sharpen_radius\":\"0.5\",\"rex_effect_filter_sharpen_threshold\":\"3\"},\"rex_effect_resize\":{\"rex_effect_resize_width\":\"\",\"rex_effect_resize_height\":\"\",\"rex_effect_resize_style\":\"maximum\",\"rex_effect_resize_allow_enlarge\":\"enlarge\"},\"rex_effect_filter_blur\":{\"rex_effect_filter_blur_repeats\":\"10\",\"rex_effect_filter_blur_type\":\"gaussian\",\"rex_effect_filter_blur_smoothit\":\"\"},\"rex_effect_mirror\":{\"rex_effect_mirror_height\":\"\",\"rex_effect_mirror_opacity\":\"100\",\"rex_effect_mirror_set_transparent\":\"colored\",\"rex_effect_mirror_bg_r\":\"\",\"rex_effect_mirror_bg_g\":\"\",\"rex_effect_mirror_bg_b\":\"\"},\"rex_effect_header\":{\"rex_effect_header_download\":\"open_media\",\"rex_effect_header_cache\":\"no_cache\",\"rex_effect_header_filename\":\"filename\",\"rex_effect_header_index\":\"index\"},\"rex_effect_convert2img\":{\"rex_effect_convert2img_convert_to\":\"jpg\",\"rex_effect_convert2img_density\":\"150\",\"rex_effect_convert2img_color\":\"\"},\"rex_effect_mediapath\":{\"rex_effect_mediapath_mediapath\":\"\"},\"rex_effect_negotiator\":{\"rex_effect_negotiator_mediatyp\":\"default-m-c\"}}', 2, '2023-03-22 10:44:25', 'admin', '2023-08-03 13:48:16', 'admin'),
( 124, 'negotiator', '{\"rex_effect_rounded_corners\":{\"rex_effect_rounded_corners_topleft\":\"\",\"rex_effect_rounded_corners_topright\":\"\",\"rex_effect_rounded_corners_bottomleft\":\"\",\"rex_effect_rounded_corners_bottomright\":\"\"},\"rex_effect_workspace\":{\"rex_effect_workspace_set_transparent\":\"colored\",\"rex_effect_workspace_width\":\"\",\"rex_effect_workspace_height\":\"\",\"rex_effect_workspace_hpos\":\"left\",\"rex_effect_workspace_vpos\":\"top\",\"rex_effect_workspace_padding_x\":\"0\",\"rex_effect_workspace_padding_y\":\"0\",\"rex_effect_workspace_bg_r\":\"\",\"rex_effect_workspace_bg_g\":\"\",\"rex_effect_workspace_bg_b\":\"\",\"rex_effect_workspace_bgimage\":\"\"},\"rex_effect_crop\":{\"rex_effect_crop_width\":\"\",\"rex_effect_crop_height\":\"\",\"rex_effect_crop_offset_width\":\"\",\"rex_effect_crop_offset_height\":\"\",\"rex_effect_crop_hpos\":\"center\",\"rex_effect_crop_vpos\":\"middle\"},\"rex_effect_insert_image\":{\"rex_effect_insert_image_brandimage\":\"\",\"rex_effect_insert_image_hpos\":\"left\",\"rex_effect_insert_image_vpos\":\"top\",\"rex_effect_insert_image_padding_x\":\"-10\",\"rex_effect_insert_image_padding_y\":\"-10\"},\"rex_effect_rotate\":{\"rex_effect_rotate_rotate\":\"0\"},\"rex_effect_filter_colorize\":{\"rex_effect_filter_colorize_filter_r\":\"\",\"rex_effect_filter_colorize_filter_g\":\"\",\"rex_effect_filter_colorize_filter_b\":\"\"},\"rex_effect_image_properties\":{\"rex_effect_image_properties_jpg_quality\":\"\",\"rex_effect_image_properties_png_compression\":\"\",\"rex_effect_image_properties_webp_quality\":\"\",\"rex_effect_image_properties_avif_quality\":\"\",\"rex_effect_image_properties_avif_speed\":\"\",\"rex_effect_image_properties_interlace\":null},\"rex_effect_focuspoint_fit\":{\"rex_effect_focuspoint_fit_meta\":\"med_focuspoint\",\"rex_effect_focuspoint_fit_focus\":\"\",\"rex_effect_focuspoint_fit_width\":\"\",\"rex_effect_focuspoint_fit_height\":\"\",\"rex_effect_focuspoint_fit_zoom\":\"0%\"},\"rex_effect_filter_brightness\":{\"rex_effect_filter_brightness_brightness\":\"\"},\"rex_effect_flip\":{\"rex_effect_flip_flip\":\"X\"},\"rex_effect_image_format\":{\"rex_effect_image_format_convert_to\":\"webp\"},\"rex_effect_filter_contrast\":{\"rex_effect_filter_contrast_contrast\":\"\"},\"rex_effect_filter_sharpen\":{\"rex_effect_filter_sharpen_amount\":\"80\",\"rex_effect_filter_sharpen_radius\":\"0.5\",\"rex_effect_filter_sharpen_threshold\":\"3\"},\"rex_effect_resize\":{\"rex_effect_resize_width\":\"\",\"rex_effect_resize_height\":\"\",\"rex_effect_resize_style\":\"maximum\",\"rex_effect_resize_allow_enlarge\":\"enlarge\"},\"rex_effect_filter_blur\":{\"rex_effect_filter_blur_repeats\":\"10\",\"rex_effect_filter_blur_type\":\"gaussian\",\"rex_effect_filter_blur_smoothit\":\"\"},\"rex_effect_mirror\":{\"rex_effect_mirror_height\":\"\",\"rex_effect_mirror_opacity\":\"100\",\"rex_effect_mirror_set_transparent\":\"colored\",\"rex_effect_mirror_bg_r\":\"\",\"rex_effect_mirror_bg_g\":\"\",\"rex_effect_mirror_bg_b\":\"\"},\"rex_effect_header\":{\"rex_effect_header_download\":\"open_media\",\"rex_effect_header_cache\":\"no_cache\",\"rex_effect_header_filename\":\"filename\",\"rex_effect_header_index\":\"index\"},\"rex_effect_convert2img\":{\"rex_effect_convert2img_convert_to\":\"jpg\",\"rex_effect_convert2img_density\":\"150\",\"rex_effect_convert2img_color\":\"\"},\"rex_effect_mediapath\":{\"rex_effect_mediapath_mediapath\":\"\"},\"rex_effect_negotiator\":{\"rex_effect_negotiator_mediatyp\":\"default-m-sq\"}}', 2, '2023-03-22 10:44:32', 'admin', '2023-08-03 13:48:18', 'admin'),
( 10, 'negotiator', '{\"rex_effect_rounded_corners\":{\"rex_effect_rounded_corners_topleft\":\"\",\"rex_effect_rounded_corners_topright\":\"\",\"rex_effect_rounded_corners_bottomleft\":\"\",\"rex_effect_rounded_corners_bottomright\":\"\"},\"rex_effect_workspace\":{\"rex_effect_workspace_set_transparent\":\"colored\",\"rex_effect_workspace_width\":\"\",\"rex_effect_workspace_height\":\"\",\"rex_effect_workspace_hpos\":\"left\",\"rex_effect_workspace_vpos\":\"top\",\"rex_effect_workspace_padding_x\":\"0\",\"rex_effect_workspace_padding_y\":\"0\",\"rex_effect_workspace_bg_r\":\"\",\"rex_effect_workspace_bg_g\":\"\",\"rex_effect_workspace_bg_b\":\"\",\"rex_effect_workspace_bgimage\":\"\"},\"rex_effect_crop\":{\"rex_effect_crop_width\":\"\",\"rex_effect_crop_height\":\"\",\"rex_effect_crop_offset_width\":\"\",\"rex_effect_crop_offset_height\":\"\",\"rex_effect_crop_hpos\":\"center\",\"rex_effect_crop_vpos\":\"middle\"},\"rex_effect_insert_image\":{\"rex_effect_insert_image_brandimage\":\"\",\"rex_effect_insert_image_hpos\":\"left\",\"rex_effect_insert_image_vpos\":\"top\",\"rex_effect_insert_image_padding_x\":\"-10\",\"rex_effect_insert_image_padding_y\":\"-10\"},\"rex_effect_rotate\":{\"rex_effect_rotate_rotate\":\"0\"},\"rex_effect_filter_colorize\":{\"rex_effect_filter_colorize_filter_r\":\"\",\"rex_effect_filter_colorize_filter_g\":\"\",\"rex_effect_filter_colorize_filter_b\":\"\"},\"rex_effect_image_properties\":{\"rex_effect_image_properties_jpg_quality\":\"\",\"rex_effect_image_properties_png_compression\":\"\",\"rex_effect_image_properties_webp_quality\":\"\",\"rex_effect_image_properties_avif_quality\":\"\",\"rex_effect_image_properties_avif_speed\":\"\",\"rex_effect_image_properties_interlace\":null},\"rex_effect_focuspoint_fit\":{\"rex_effect_focuspoint_fit_meta\":\"med_focuspoint\",\"rex_effect_focuspoint_fit_focus\":\"\",\"rex_effect_focuspoint_fit_width\":\"\",\"rex_effect_focuspoint_fit_height\":\"\",\"rex_effect_focuspoint_fit_zoom\":\"0%\"},\"rex_effect_filter_brightness\":{\"rex_effect_filter_brightness_brightness\":\"\"},\"rex_effect_flip\":{\"rex_effect_flip_flip\":\"X\"},\"rex_effect_image_format\":{\"rex_effect_image_format_convert_to\":\"webp\"},\"rex_effect_filter_contrast\":{\"rex_effect_filter_contrast_contrast\":\"\"},\"rex_effect_filter_sharpen\":{\"rex_effect_filter_sharpen_amount\":\"80\",\"rex_effect_filter_sharpen_radius\":\"0.5\",\"rex_effect_filter_sharpen_threshold\":\"3\"},\"rex_effect_resize\":{\"rex_effect_resize_width\":\"\",\"rex_effect_resize_height\":\"\",\"rex_effect_resize_style\":\"maximum\",\"rex_effect_resize_allow_enlarge\":\"enlarge\"},\"rex_effect_filter_blur\":{\"rex_effect_filter_blur_repeats\":\"10\",\"rex_effect_filter_blur_type\":\"gaussian\",\"rex_effect_filter_blur_smoothit\":\"\"},\"rex_effect_mirror\":{\"rex_effect_mirror_height\":\"\",\"rex_effect_mirror_opacity\":\"100\",\"rex_effect_mirror_set_transparent\":\"colored\",\"rex_effect_mirror_bg_r\":\"\",\"rex_effect_mirror_bg_g\":\"\",\"rex_effect_mirror_bg_b\":\"\"},\"rex_effect_header\":{\"rex_effect_header_download\":\"open_media\",\"rex_effect_header_cache\":\"no_cache\",\"rex_effect_header_filename\":\"filename\",\"rex_effect_header_index\":\"index\"},\"rex_effect_convert2img\":{\"rex_effect_convert2img_convert_to\":\"jpg\",\"rex_effect_convert2img_density\":\"150\",\"rex_effect_convert2img_color\":\"\"},\"rex_effect_mediapath\":{\"rex_effect_mediapath_mediapath\":\"\"},\"rex_effect_negotiator\":{\"rex_effect_negotiator_mediatyp\":\"default-s\"}}', 2, '2023-03-22 10:44:42', 'admin', '2023-08-03 13:48:21', 'admin'),
( 115, 'negotiator', '{\"rex_effect_rounded_corners\":{\"rex_effect_rounded_corners_topleft\":\"\",\"rex_effect_rounded_corners_topright\":\"\",\"rex_effect_rounded_corners_bottomleft\":\"\",\"rex_effect_rounded_corners_bottomright\":\"\"},\"rex_effect_workspace\":{\"rex_effect_workspace_set_transparent\":\"colored\",\"rex_effect_workspace_width\":\"\",\"rex_effect_workspace_height\":\"\",\"rex_effect_workspace_hpos\":\"left\",\"rex_effect_workspace_vpos\":\"top\",\"rex_effect_workspace_padding_x\":\"0\",\"rex_effect_workspace_padding_y\":\"0\",\"rex_effect_workspace_bg_r\":\"\",\"rex_effect_workspace_bg_g\":\"\",\"rex_effect_workspace_bg_b\":\"\",\"rex_effect_workspace_bgimage\":\"\"},\"rex_effect_crop\":{\"rex_effect_crop_width\":\"\",\"rex_effect_crop_height\":\"\",\"rex_effect_crop_offset_width\":\"\",\"rex_effect_crop_offset_height\":\"\",\"rex_effect_crop_hpos\":\"center\",\"rex_effect_crop_vpos\":\"middle\"},\"rex_effect_insert_image\":{\"rex_effect_insert_image_brandimage\":\"\",\"rex_effect_insert_image_hpos\":\"left\",\"rex_effect_insert_image_vpos\":\"top\",\"rex_effect_insert_image_padding_x\":\"-10\",\"rex_effect_insert_image_padding_y\":\"-10\"},\"rex_effect_rotate\":{\"rex_effect_rotate_rotate\":\"0\"},\"rex_effect_filter_colorize\":{\"rex_effect_filter_colorize_filter_r\":\"\",\"rex_effect_filter_colorize_filter_g\":\"\",\"rex_effect_filter_colorize_filter_b\":\"\"},\"rex_effect_image_properties\":{\"rex_effect_image_properties_jpg_quality\":\"\",\"rex_effect_image_properties_png_compression\":\"\",\"rex_effect_image_properties_webp_quality\":\"\",\"rex_effect_image_properties_avif_quality\":\"\",\"rex_effect_image_properties_avif_speed\":\"\",\"rex_effect_image_properties_interlace\":null},\"rex_effect_focuspoint_fit\":{\"rex_effect_focuspoint_fit_meta\":\"med_focuspoint\",\"rex_effect_focuspoint_fit_focus\":\"\",\"rex_effect_focuspoint_fit_width\":\"\",\"rex_effect_focuspoint_fit_height\":\"\",\"rex_effect_focuspoint_fit_zoom\":\"0%\"},\"rex_effect_filter_brightness\":{\"rex_effect_filter_brightness_brightness\":\"\"},\"rex_effect_flip\":{\"rex_effect_flip_flip\":\"X\"},\"rex_effect_image_format\":{\"rex_effect_image_format_convert_to\":\"webp\"},\"rex_effect_filter_contrast\":{\"rex_effect_filter_contrast_contrast\":\"\"},\"rex_effect_filter_sharpen\":{\"rex_effect_filter_sharpen_amount\":\"80\",\"rex_effect_filter_sharpen_radius\":\"0.5\",\"rex_effect_filter_sharpen_threshold\":\"3\"},\"rex_effect_resize\":{\"rex_effect_resize_width\":\"\",\"rex_effect_resize_height\":\"\",\"rex_effect_resize_style\":\"maximum\",\"rex_effect_resize_allow_enlarge\":\"enlarge\"},\"rex_effect_filter_blur\":{\"rex_effect_filter_blur_repeats\":\"10\",\"rex_effect_filter_blur_type\":\"gaussian\",\"rex_effect_filter_blur_smoothit\":\"\"},\"rex_effect_mirror\":{\"rex_effect_mirror_height\":\"\",\"rex_effect_mirror_opacity\":\"100\",\"rex_effect_mirror_set_transparent\":\"colored\",\"rex_effect_mirror_bg_r\":\"\",\"rex_effect_mirror_bg_g\":\"\",\"rex_effect_mirror_bg_b\":\"\"},\"rex_effect_header\":{\"rex_effect_header_download\":\"open_media\",\"rex_effect_header_cache\":\"no_cache\",\"rex_effect_header_filename\":\"filename\",\"rex_effect_header_index\":\"index\"},\"rex_effect_convert2img\":{\"rex_effect_convert2img_convert_to\":\"jpg\",\"rex_effect_convert2img_density\":\"150\",\"rex_effect_convert2img_color\":\"\"},\"rex_effect_mediapath\":{\"rex_effect_mediapath_mediapath\":\"\"},\"rex_effect_negotiator\":{\"rex_effect_negotiator_mediatyp\":\"default-s-c\"}}', 2, '2023-03-22 10:44:50', 'admin', '2023-08-03 13:48:24', 'admin'),
( 125, 'negotiator', '{\"rex_effect_rounded_corners\":{\"rex_effect_rounded_corners_topleft\":\"\",\"rex_effect_rounded_corners_topright\":\"\",\"rex_effect_rounded_corners_bottomleft\":\"\",\"rex_effect_rounded_corners_bottomright\":\"\"},\"rex_effect_workspace\":{\"rex_effect_workspace_set_transparent\":\"colored\",\"rex_effect_workspace_width\":\"\",\"rex_effect_workspace_height\":\"\",\"rex_effect_workspace_hpos\":\"left\",\"rex_effect_workspace_vpos\":\"top\",\"rex_effect_workspace_padding_x\":\"0\",\"rex_effect_workspace_padding_y\":\"0\",\"rex_effect_workspace_bg_r\":\"\",\"rex_effect_workspace_bg_g\":\"\",\"rex_effect_workspace_bg_b\":\"\",\"rex_effect_workspace_bgimage\":\"\"},\"rex_effect_crop\":{\"rex_effect_crop_width\":\"\",\"rex_effect_crop_height\":\"\",\"rex_effect_crop_offset_width\":\"\",\"rex_effect_crop_offset_height\":\"\",\"rex_effect_crop_hpos\":\"center\",\"rex_effect_crop_vpos\":\"middle\"},\"rex_effect_insert_image\":{\"rex_effect_insert_image_brandimage\":\"\",\"rex_effect_insert_image_hpos\":\"left\",\"rex_effect_insert_image_vpos\":\"top\",\"rex_effect_insert_image_padding_x\":\"-10\",\"rex_effect_insert_image_padding_y\":\"-10\"},\"rex_effect_rotate\":{\"rex_effect_rotate_rotate\":\"0\"},\"rex_effect_filter_colorize\":{\"rex_effect_filter_colorize_filter_r\":\"\",\"rex_effect_filter_colorize_filter_g\":\"\",\"rex_effect_filter_colorize_filter_b\":\"\"},\"rex_effect_image_properties\":{\"rex_effect_image_properties_jpg_quality\":\"\",\"rex_effect_image_properties_png_compression\":\"\",\"rex_effect_image_properties_webp_quality\":\"\",\"rex_effect_image_properties_avif_quality\":\"\",\"rex_effect_image_properties_avif_speed\":\"\",\"rex_effect_image_properties_interlace\":null},\"rex_effect_focuspoint_fit\":{\"rex_effect_focuspoint_fit_meta\":\"med_focuspoint\",\"rex_effect_focuspoint_fit_focus\":\"\",\"rex_effect_focuspoint_fit_width\":\"\",\"rex_effect_focuspoint_fit_height\":\"\",\"rex_effect_focuspoint_fit_zoom\":\"0%\"},\"rex_effect_filter_brightness\":{\"rex_effect_filter_brightness_brightness\":\"\"},\"rex_effect_flip\":{\"rex_effect_flip_flip\":\"X\"},\"rex_effect_image_format\":{\"rex_effect_image_format_convert_to\":\"webp\"},\"rex_effect_filter_contrast\":{\"rex_effect_filter_contrast_contrast\":\"\"},\"rex_effect_filter_sharpen\":{\"rex_effect_filter_sharpen_amount\":\"80\",\"rex_effect_filter_sharpen_radius\":\"0.5\",\"rex_effect_filter_sharpen_threshold\":\"3\"},\"rex_effect_resize\":{\"rex_effect_resize_width\":\"\",\"rex_effect_resize_height\":\"\",\"rex_effect_resize_style\":\"maximum\",\"rex_effect_resize_allow_enlarge\":\"enlarge\"},\"rex_effect_filter_blur\":{\"rex_effect_filter_blur_repeats\":\"10\",\"rex_effect_filter_blur_type\":\"gaussian\",\"rex_effect_filter_blur_smoothit\":\"\"},\"rex_effect_mirror\":{\"rex_effect_mirror_height\":\"\",\"rex_effect_mirror_opacity\":\"100\",\"rex_effect_mirror_set_transparent\":\"colored\",\"rex_effect_mirror_bg_r\":\"\",\"rex_effect_mirror_bg_g\":\"\",\"rex_effect_mirror_bg_b\":\"\"},\"rex_effect_header\":{\"rex_effect_header_download\":\"open_media\",\"rex_effect_header_cache\":\"no_cache\",\"rex_effect_header_filename\":\"filename\",\"rex_effect_header_index\":\"index\"},\"rex_effect_convert2img\":{\"rex_effect_convert2img_convert_to\":\"jpg\",\"rex_effect_convert2img_density\":\"150\",\"rex_effect_convert2img_color\":\"\"},\"rex_effect_mediapath\":{\"rex_effect_mediapath_mediapath\":\"\"},\"rex_effect_negotiator\":{\"rex_effect_negotiator_mediatyp\":\"default-s-sq\"}}', 2, '2023-03-22 10:44:57', 'admin', '2023-08-03 13:48:26', 'admin'),
( 122, 'negotiator', '{\"rex_effect_rounded_corners\":{\"rex_effect_rounded_corners_topleft\":\"\",\"rex_effect_rounded_corners_topright\":\"\",\"rex_effect_rounded_corners_bottomleft\":\"\",\"rex_effect_rounded_corners_bottomright\":\"\"},\"rex_effect_workspace\":{\"rex_effect_workspace_set_transparent\":\"colored\",\"rex_effect_workspace_width\":\"\",\"rex_effect_workspace_height\":\"\",\"rex_effect_workspace_hpos\":\"left\",\"rex_effect_workspace_vpos\":\"top\",\"rex_effect_workspace_padding_x\":\"0\",\"rex_effect_workspace_padding_y\":\"0\",\"rex_effect_workspace_bg_r\":\"\",\"rex_effect_workspace_bg_g\":\"\",\"rex_effect_workspace_bg_b\":\"\",\"rex_effect_workspace_bgimage\":\"\"},\"rex_effect_crop\":{\"rex_effect_crop_width\":\"\",\"rex_effect_crop_height\":\"\",\"rex_effect_crop_offset_width\":\"\",\"rex_effect_crop_offset_height\":\"\",\"rex_effect_crop_hpos\":\"center\",\"rex_effect_crop_vpos\":\"middle\"},\"rex_effect_insert_image\":{\"rex_effect_insert_image_brandimage\":\"\",\"rex_effect_insert_image_hpos\":\"left\",\"rex_effect_insert_image_vpos\":\"top\",\"rex_effect_insert_image_padding_x\":\"-10\",\"rex_effect_insert_image_padding_y\":\"-10\"},\"rex_effect_rotate\":{\"rex_effect_rotate_rotate\":\"0\"},\"rex_effect_filter_colorize\":{\"rex_effect_filter_colorize_filter_r\":\"\",\"rex_effect_filter_colorize_filter_g\":\"\",\"rex_effect_filter_colorize_filter_b\":\"\"},\"rex_effect_image_properties\":{\"rex_effect_image_properties_jpg_quality\":\"\",\"rex_effect_image_properties_png_compression\":\"\",\"rex_effect_image_properties_webp_quality\":\"\",\"rex_effect_image_properties_avif_quality\":\"\",\"rex_effect_image_properties_avif_speed\":\"\",\"rex_effect_image_properties_interlace\":null},\"rex_effect_focuspoint_fit\":{\"rex_effect_focuspoint_fit_meta\":\"med_focuspoint\",\"rex_effect_focuspoint_fit_focus\":\"\",\"rex_effect_focuspoint_fit_width\":\"\",\"rex_effect_focuspoint_fit_height\":\"\",\"rex_effect_focuspoint_fit_zoom\":\"0%\"},\"rex_effect_filter_brightness\":{\"rex_effect_filter_brightness_brightness\":\"\"},\"rex_effect_flip\":{\"rex_effect_flip_flip\":\"X\"},\"rex_effect_image_format\":{\"rex_effect_image_format_convert_to\":\"webp\"},\"rex_effect_filter_contrast\":{\"rex_effect_filter_contrast_contrast\":\"\"},\"rex_effect_filter_sharpen\":{\"rex_effect_filter_sharpen_amount\":\"80\",\"rex_effect_filter_sharpen_radius\":\"0.5\",\"rex_effect_filter_sharpen_threshold\":\"3\"},\"rex_effect_resize\":{\"rex_effect_resize_width\":\"\",\"rex_effect_resize_height\":\"\",\"rex_effect_resize_style\":\"maximum\",\"rex_effect_resize_allow_enlarge\":\"enlarge\"},\"rex_effect_filter_blur\":{\"rex_effect_filter_blur_repeats\":\"10\",\"rex_effect_filter_blur_type\":\"gaussian\",\"rex_effect_filter_blur_smoothit\":\"\"},\"rex_effect_mirror\":{\"rex_effect_mirror_height\":\"\",\"rex_effect_mirror_opacity\":\"100\",\"rex_effect_mirror_set_transparent\":\"colored\",\"rex_effect_mirror_bg_r\":\"\",\"rex_effect_mirror_bg_g\":\"\",\"rex_effect_mirror_bg_b\":\"\"},\"rex_effect_header\":{\"rex_effect_header_download\":\"open_media\",\"rex_effect_header_cache\":\"no_cache\",\"rex_effect_header_filename\":\"filename\",\"rex_effect_header_index\":\"index\"},\"rex_effect_convert2img\":{\"rex_effect_convert2img_convert_to\":\"jpg\",\"rex_effect_convert2img_density\":\"150\",\"rex_effect_convert2img_color\":\"\"},\"rex_effect_mediapath\":{\"rex_effect_mediapath_mediapath\":\"\"},\"rex_effect_negotiator\":{\"rex_effect_negotiator_mediatyp\":\"default-sq\"}}', 2, '2023-03-22 10:45:05', 'admin', '2023-08-03 13:48:29', 'admin'),
( 18, 'negotiator', '{\"rex_effect_rounded_corners\":{\"rex_effect_rounded_corners_topleft\":\"\",\"rex_effect_rounded_corners_topright\":\"\",\"rex_effect_rounded_corners_bottomleft\":\"\",\"rex_effect_rounded_corners_bottomright\":\"\"},\"rex_effect_workspace\":{\"rex_effect_workspace_set_transparent\":\"colored\",\"rex_effect_workspace_width\":\"\",\"rex_effect_workspace_height\":\"\",\"rex_effect_workspace_hpos\":\"left\",\"rex_effect_workspace_vpos\":\"top\",\"rex_effect_workspace_padding_x\":\"0\",\"rex_effect_workspace_padding_y\":\"0\",\"rex_effect_workspace_bg_r\":\"\",\"rex_effect_workspace_bg_g\":\"\",\"rex_effect_workspace_bg_b\":\"\",\"rex_effect_workspace_bgimage\":\"\"},\"rex_effect_crop\":{\"rex_effect_crop_width\":\"\",\"rex_effect_crop_height\":\"\",\"rex_effect_crop_offset_width\":\"\",\"rex_effect_crop_offset_height\":\"\",\"rex_effect_crop_hpos\":\"center\",\"rex_effect_crop_vpos\":\"middle\"},\"rex_effect_insert_image\":{\"rex_effect_insert_image_brandimage\":\"\",\"rex_effect_insert_image_hpos\":\"left\",\"rex_effect_insert_image_vpos\":\"top\",\"rex_effect_insert_image_padding_x\":\"-10\",\"rex_effect_insert_image_padding_y\":\"-10\"},\"rex_effect_rotate\":{\"rex_effect_rotate_rotate\":\"0\"},\"rex_effect_filter_colorize\":{\"rex_effect_filter_colorize_filter_r\":\"\",\"rex_effect_filter_colorize_filter_g\":\"\",\"rex_effect_filter_colorize_filter_b\":\"\"},\"rex_effect_image_properties\":{\"rex_effect_image_properties_jpg_quality\":\"\",\"rex_effect_image_properties_png_compression\":\"\",\"rex_effect_image_properties_webp_quality\":\"\",\"rex_effect_image_properties_avif_quality\":\"\",\"rex_effect_image_properties_avif_speed\":\"\",\"rex_effect_image_properties_interlace\":null},\"rex_effect_focuspoint_fit\":{\"rex_effect_focuspoint_fit_meta\":\"med_focuspoint\",\"rex_effect_focuspoint_fit_focus\":\"\",\"rex_effect_focuspoint_fit_width\":\"\",\"rex_effect_focuspoint_fit_height\":\"\",\"rex_effect_focuspoint_fit_zoom\":\"0%\"},\"rex_effect_filter_brightness\":{\"rex_effect_filter_brightness_brightness\":\"\"},\"rex_effect_flip\":{\"rex_effect_flip_flip\":\"X\"},\"rex_effect_image_format\":{\"rex_effect_image_format_convert_to\":\"webp\"},\"rex_effect_filter_contrast\":{\"rex_effect_filter_contrast_contrast\":\"\"},\"rex_effect_filter_sharpen\":{\"rex_effect_filter_sharpen_amount\":\"80\",\"rex_effect_filter_sharpen_radius\":\"0.5\",\"rex_effect_filter_sharpen_threshold\":\"3\"},\"rex_effect_resize\":{\"rex_effect_resize_width\":\"\",\"rex_effect_resize_height\":\"\",\"rex_effect_resize_style\":\"maximum\",\"rex_effect_resize_allow_enlarge\":\"enlarge\"},\"rex_effect_filter_blur\":{\"rex_effect_filter_blur_repeats\":\"10\",\"rex_effect_filter_blur_type\":\"gaussian\",\"rex_effect_filter_blur_smoothit\":\"\"},\"rex_effect_mirror\":{\"rex_effect_mirror_height\":\"\",\"rex_effect_mirror_opacity\":\"100\",\"rex_effect_mirror_set_transparent\":\"colored\",\"rex_effect_mirror_bg_r\":\"\",\"rex_effect_mirror_bg_g\":\"\",\"rex_effect_mirror_bg_b\":\"\"},\"rex_effect_header\":{\"rex_effect_header_download\":\"open_media\",\"rex_effect_header_cache\":\"no_cache\",\"rex_effect_header_filename\":\"filename\",\"rex_effect_header_index\":\"index\"},\"rex_effect_convert2img\":{\"rex_effect_convert2img_convert_to\":\"jpg\",\"rex_effect_convert2img_density\":\"150\",\"rex_effect_convert2img_color\":\"\"},\"rex_effect_mediapath\":{\"rex_effect_mediapath_mediapath\":\"\"},\"rex_effect_negotiator\":{\"rex_effect_negotiator_mediatyp\":\"default-xl\"}}', 2, '2023-03-22 10:45:11', 'admin', '2023-08-03 13:48:33', 'admin'),
( 114, 'negotiator', '{\"rex_effect_rounded_corners\":{\"rex_effect_rounded_corners_topleft\":\"\",\"rex_effect_rounded_corners_topright\":\"\",\"rex_effect_rounded_corners_bottomleft\":\"\",\"rex_effect_rounded_corners_bottomright\":\"\"},\"rex_effect_workspace\":{\"rex_effect_workspace_set_transparent\":\"colored\",\"rex_effect_workspace_width\":\"\",\"rex_effect_workspace_height\":\"\",\"rex_effect_workspace_hpos\":\"left\",\"rex_effect_workspace_vpos\":\"top\",\"rex_effect_workspace_padding_x\":\"0\",\"rex_effect_workspace_padding_y\":\"0\",\"rex_effect_workspace_bg_r\":\"\",\"rex_effect_workspace_bg_g\":\"\",\"rex_effect_workspace_bg_b\":\"\",\"rex_effect_workspace_bgimage\":\"\"},\"rex_effect_crop\":{\"rex_effect_crop_width\":\"\",\"rex_effect_crop_height\":\"\",\"rex_effect_crop_offset_width\":\"\",\"rex_effect_crop_offset_height\":\"\",\"rex_effect_crop_hpos\":\"center\",\"rex_effect_crop_vpos\":\"middle\"},\"rex_effect_insert_image\":{\"rex_effect_insert_image_brandimage\":\"\",\"rex_effect_insert_image_hpos\":\"left\",\"rex_effect_insert_image_vpos\":\"top\",\"rex_effect_insert_image_padding_x\":\"-10\",\"rex_effect_insert_image_padding_y\":\"-10\"},\"rex_effect_rotate\":{\"rex_effect_rotate_rotate\":\"0\"},\"rex_effect_filter_colorize\":{\"rex_effect_filter_colorize_filter_r\":\"\",\"rex_effect_filter_colorize_filter_g\":\"\",\"rex_effect_filter_colorize_filter_b\":\"\"},\"rex_effect_image_properties\":{\"rex_effect_image_properties_jpg_quality\":\"\",\"rex_effect_image_properties_png_compression\":\"\",\"rex_effect_image_properties_webp_quality\":\"\",\"rex_effect_image_properties_avif_quality\":\"\",\"rex_effect_image_properties_avif_speed\":\"\",\"rex_effect_image_properties_interlace\":null},\"rex_effect_focuspoint_fit\":{\"rex_effect_focuspoint_fit_meta\":\"med_focuspoint\",\"rex_effect_focuspoint_fit_focus\":\"\",\"rex_effect_focuspoint_fit_width\":\"\",\"rex_effect_focuspoint_fit_height\":\"\",\"rex_effect_focuspoint_fit_zoom\":\"0%\"},\"rex_effect_filter_brightness\":{\"rex_effect_filter_brightness_brightness\":\"\"},\"rex_effect_flip\":{\"rex_effect_flip_flip\":\"X\"},\"rex_effect_image_format\":{\"rex_effect_image_format_convert_to\":\"webp\"},\"rex_effect_filter_contrast\":{\"rex_effect_filter_contrast_contrast\":\"\"},\"rex_effect_filter_sharpen\":{\"rex_effect_filter_sharpen_amount\":\"80\",\"rex_effect_filter_sharpen_radius\":\"0.5\",\"rex_effect_filter_sharpen_threshold\":\"3\"},\"rex_effect_resize\":{\"rex_effect_resize_width\":\"\",\"rex_effect_resize_height\":\"\",\"rex_effect_resize_style\":\"maximum\",\"rex_effect_resize_allow_enlarge\":\"enlarge\"},\"rex_effect_filter_blur\":{\"rex_effect_filter_blur_repeats\":\"10\",\"rex_effect_filter_blur_type\":\"gaussian\",\"rex_effect_filter_blur_smoothit\":\"\"},\"rex_effect_mirror\":{\"rex_effect_mirror_height\":\"\",\"rex_effect_mirror_opacity\":\"100\",\"rex_effect_mirror_set_transparent\":\"colored\",\"rex_effect_mirror_bg_r\":\"\",\"rex_effect_mirror_bg_g\":\"\",\"rex_effect_mirror_bg_b\":\"\"},\"rex_effect_header\":{\"rex_effect_header_download\":\"open_media\",\"rex_effect_header_cache\":\"no_cache\",\"rex_effect_header_filename\":\"filename\",\"rex_effect_header_index\":\"index\"},\"rex_effect_convert2img\":{\"rex_effect_convert2img_convert_to\":\"jpg\",\"rex_effect_convert2img_density\":\"150\",\"rex_effect_convert2img_color\":\"\"},\"rex_effect_mediapath\":{\"rex_effect_mediapath_mediapath\":\"\"},\"rex_effect_negotiator\":{\"rex_effect_negotiator_mediatyp\":\"default-xl-c\"}}', 2, '2023-03-22 10:45:17', 'admin', '2023-08-03 13:48:36', 'admin'),
( 126, 'negotiator', '{\"rex_effect_rounded_corners\":{\"rex_effect_rounded_corners_topleft\":\"\",\"rex_effect_rounded_corners_topright\":\"\",\"rex_effect_rounded_corners_bottomleft\":\"\",\"rex_effect_rounded_corners_bottomright\":\"\"},\"rex_effect_workspace\":{\"rex_effect_workspace_set_transparent\":\"colored\",\"rex_effect_workspace_width\":\"\",\"rex_effect_workspace_height\":\"\",\"rex_effect_workspace_hpos\":\"left\",\"rex_effect_workspace_vpos\":\"top\",\"rex_effect_workspace_padding_x\":\"0\",\"rex_effect_workspace_padding_y\":\"0\",\"rex_effect_workspace_bg_r\":\"\",\"rex_effect_workspace_bg_g\":\"\",\"rex_effect_workspace_bg_b\":\"\",\"rex_effect_workspace_bgimage\":\"\"},\"rex_effect_crop\":{\"rex_effect_crop_width\":\"\",\"rex_effect_crop_height\":\"\",\"rex_effect_crop_offset_width\":\"\",\"rex_effect_crop_offset_height\":\"\",\"rex_effect_crop_hpos\":\"center\",\"rex_effect_crop_vpos\":\"middle\"},\"rex_effect_insert_image\":{\"rex_effect_insert_image_brandimage\":\"\",\"rex_effect_insert_image_hpos\":\"left\",\"rex_effect_insert_image_vpos\":\"top\",\"rex_effect_insert_image_padding_x\":\"-10\",\"rex_effect_insert_image_padding_y\":\"-10\"},\"rex_effect_rotate\":{\"rex_effect_rotate_rotate\":\"0\"},\"rex_effect_filter_colorize\":{\"rex_effect_filter_colorize_filter_r\":\"\",\"rex_effect_filter_colorize_filter_g\":\"\",\"rex_effect_filter_colorize_filter_b\":\"\"},\"rex_effect_image_properties\":{\"rex_effect_image_properties_jpg_quality\":\"\",\"rex_effect_image_properties_png_compression\":\"\",\"rex_effect_image_properties_webp_quality\":\"\",\"rex_effect_image_properties_avif_quality\":\"\",\"rex_effect_image_properties_avif_speed\":\"\",\"rex_effect_image_properties_interlace\":null},\"rex_effect_focuspoint_fit\":{\"rex_effect_focuspoint_fit_meta\":\"med_focuspoint\",\"rex_effect_focuspoint_fit_focus\":\"\",\"rex_effect_focuspoint_fit_width\":\"\",\"rex_effect_focuspoint_fit_height\":\"\",\"rex_effect_focuspoint_fit_zoom\":\"0%\"},\"rex_effect_filter_brightness\":{\"rex_effect_filter_brightness_brightness\":\"\"},\"rex_effect_flip\":{\"rex_effect_flip_flip\":\"X\"},\"rex_effect_image_format\":{\"rex_effect_image_format_convert_to\":\"webp\"},\"rex_effect_filter_contrast\":{\"rex_effect_filter_contrast_contrast\":\"\"},\"rex_effect_filter_sharpen\":{\"rex_effect_filter_sharpen_amount\":\"80\",\"rex_effect_filter_sharpen_radius\":\"0.5\",\"rex_effect_filter_sharpen_threshold\":\"3\"},\"rex_effect_resize\":{\"rex_effect_resize_width\":\"\",\"rex_effect_resize_height\":\"\",\"rex_effect_resize_style\":\"maximum\",\"rex_effect_resize_allow_enlarge\":\"enlarge\"},\"rex_effect_filter_blur\":{\"rex_effect_filter_blur_repeats\":\"10\",\"rex_effect_filter_blur_type\":\"gaussian\",\"rex_effect_filter_blur_smoothit\":\"\"},\"rex_effect_mirror\":{\"rex_effect_mirror_height\":\"\",\"rex_effect_mirror_opacity\":\"100\",\"rex_effect_mirror_set_transparent\":\"colored\",\"rex_effect_mirror_bg_r\":\"\",\"rex_effect_mirror_bg_g\":\"\",\"rex_effect_mirror_bg_b\":\"\"},\"rex_effect_header\":{\"rex_effect_header_download\":\"open_media\",\"rex_effect_header_cache\":\"no_cache\",\"rex_effect_header_filename\":\"filename\",\"rex_effect_header_index\":\"index\"},\"rex_effect_convert2img\":{\"rex_effect_convert2img_convert_to\":\"jpg\",\"rex_effect_convert2img_density\":\"150\",\"rex_effect_convert2img_color\":\"\"},\"rex_effect_mediapath\":{\"rex_effect_mediapath_mediapath\":\"\"},\"rex_effect_negotiator\":{\"rex_effect_negotiator_mediatyp\":\"default-xl-sq\"}}', 2, '2023-03-22 10:45:24', 'admin', '2023-08-03 13:48:38', 'admin'),
( 54, 'negotiator', '{\"rex_effect_rounded_corners\":{\"rex_effect_rounded_corners_topleft\":\"\",\"rex_effect_rounded_corners_topright\":\"\",\"rex_effect_rounded_corners_bottomleft\":\"\",\"rex_effect_rounded_corners_bottomright\":\"\"},\"rex_effect_workspace\":{\"rex_effect_workspace_set_transparent\":\"colored\",\"rex_effect_workspace_width\":\"\",\"rex_effect_workspace_height\":\"\",\"rex_effect_workspace_hpos\":\"left\",\"rex_effect_workspace_vpos\":\"top\",\"rex_effect_workspace_padding_x\":\"0\",\"rex_effect_workspace_padding_y\":\"0\",\"rex_effect_workspace_bg_r\":\"\",\"rex_effect_workspace_bg_g\":\"\",\"rex_effect_workspace_bg_b\":\"\",\"rex_effect_workspace_bgimage\":\"\"},\"rex_effect_crop\":{\"rex_effect_crop_width\":\"\",\"rex_effect_crop_height\":\"\",\"rex_effect_crop_offset_width\":\"\",\"rex_effect_crop_offset_height\":\"\",\"rex_effect_crop_hpos\":\"center\",\"rex_effect_crop_vpos\":\"middle\"},\"rex_effect_insert_image\":{\"rex_effect_insert_image_brandimage\":\"\",\"rex_effect_insert_image_hpos\":\"left\",\"rex_effect_insert_image_vpos\":\"top\",\"rex_effect_insert_image_padding_x\":\"-10\",\"rex_effect_insert_image_padding_y\":\"-10\"},\"rex_effect_rotate\":{\"rex_effect_rotate_rotate\":\"0\"},\"rex_effect_filter_colorize\":{\"rex_effect_filter_colorize_filter_r\":\"\",\"rex_effect_filter_colorize_filter_g\":\"\",\"rex_effect_filter_colorize_filter_b\":\"\"},\"rex_effect_image_properties\":{\"rex_effect_image_properties_jpg_quality\":\"\",\"rex_effect_image_properties_png_compression\":\"\",\"rex_effect_image_properties_webp_quality\":\"\",\"rex_effect_image_properties_avif_quality\":\"\",\"rex_effect_image_properties_avif_speed\":\"\",\"rex_effect_image_properties_interlace\":null},\"rex_effect_focuspoint_fit\":{\"rex_effect_focuspoint_fit_meta\":\"med_focuspoint\",\"rex_effect_focuspoint_fit_focus\":\"\",\"rex_effect_focuspoint_fit_width\":\"\",\"rex_effect_focuspoint_fit_height\":\"\",\"rex_effect_focuspoint_fit_zoom\":\"0%\"},\"rex_effect_filter_brightness\":{\"rex_effect_filter_brightness_brightness\":\"\"},\"rex_effect_flip\":{\"rex_effect_flip_flip\":\"X\"},\"rex_effect_image_format\":{\"rex_effect_image_format_convert_to\":\"webp\"},\"rex_effect_filter_contrast\":{\"rex_effect_filter_contrast_contrast\":\"\"},\"rex_effect_filter_sharpen\":{\"rex_effect_filter_sharpen_amount\":\"80\",\"rex_effect_filter_sharpen_radius\":\"0.5\",\"rex_effect_filter_sharpen_threshold\":\"3\"},\"rex_effect_resize\":{\"rex_effect_resize_width\":\"\",\"rex_effect_resize_height\":\"\",\"rex_effect_resize_style\":\"maximum\",\"rex_effect_resize_allow_enlarge\":\"enlarge\"},\"rex_effect_filter_blur\":{\"rex_effect_filter_blur_repeats\":\"10\",\"rex_effect_filter_blur_type\":\"gaussian\",\"rex_effect_filter_blur_smoothit\":\"\"},\"rex_effect_mirror\":{\"rex_effect_mirror_height\":\"\",\"rex_effect_mirror_opacity\":\"100\",\"rex_effect_mirror_set_transparent\":\"colored\",\"rex_effect_mirror_bg_r\":\"\",\"rex_effect_mirror_bg_g\":\"\",\"rex_effect_mirror_bg_b\":\"\"},\"rex_effect_header\":{\"rex_effect_header_download\":\"open_media\",\"rex_effect_header_cache\":\"no_cache\",\"rex_effect_header_filename\":\"filename\",\"rex_effect_header_index\":\"index\"},\"rex_effect_convert2img\":{\"rex_effect_convert2img_convert_to\":\"jpg\",\"rex_effect_convert2img_density\":\"150\",\"rex_effect_convert2img_color\":\"\"},\"rex_effect_mediapath\":{\"rex_effect_mediapath_mediapath\":\"\"},\"rex_effect_negotiator\":{\"rex_effect_negotiator_mediatyp\":\"default-xs\"}}', 2, '2023-03-22 10:45:33', 'admin', '2023-08-03 13:48:44', 'admin');
INSERT INTO `rex_media_manager_type_effect` (`type_id`, `effect`, `parameters`, `priority`, `createdate`, `createuser`, `updatedate`, `updateuser`) VALUES
( 113, 'negotiator', '{\"rex_effect_rounded_corners\":{\"rex_effect_rounded_corners_topleft\":\"\",\"rex_effect_rounded_corners_topright\":\"\",\"rex_effect_rounded_corners_bottomleft\":\"\",\"rex_effect_rounded_corners_bottomright\":\"\"},\"rex_effect_workspace\":{\"rex_effect_workspace_set_transparent\":\"colored\",\"rex_effect_workspace_width\":\"\",\"rex_effect_workspace_height\":\"\",\"rex_effect_workspace_hpos\":\"left\",\"rex_effect_workspace_vpos\":\"top\",\"rex_effect_workspace_padding_x\":\"0\",\"rex_effect_workspace_padding_y\":\"0\",\"rex_effect_workspace_bg_r\":\"\",\"rex_effect_workspace_bg_g\":\"\",\"rex_effect_workspace_bg_b\":\"\",\"rex_effect_workspace_bgimage\":\"\"},\"rex_effect_crop\":{\"rex_effect_crop_width\":\"\",\"rex_effect_crop_height\":\"\",\"rex_effect_crop_offset_width\":\"\",\"rex_effect_crop_offset_height\":\"\",\"rex_effect_crop_hpos\":\"center\",\"rex_effect_crop_vpos\":\"middle\"},\"rex_effect_insert_image\":{\"rex_effect_insert_image_brandimage\":\"\",\"rex_effect_insert_image_hpos\":\"left\",\"rex_effect_insert_image_vpos\":\"top\",\"rex_effect_insert_image_padding_x\":\"-10\",\"rex_effect_insert_image_padding_y\":\"-10\"},\"rex_effect_rotate\":{\"rex_effect_rotate_rotate\":\"0\"},\"rex_effect_filter_colorize\":{\"rex_effect_filter_colorize_filter_r\":\"\",\"rex_effect_filter_colorize_filter_g\":\"\",\"rex_effect_filter_colorize_filter_b\":\"\"},\"rex_effect_image_properties\":{\"rex_effect_image_properties_jpg_quality\":\"\",\"rex_effect_image_properties_png_compression\":\"\",\"rex_effect_image_properties_webp_quality\":\"\",\"rex_effect_image_properties_avif_quality\":\"\",\"rex_effect_image_properties_avif_speed\":\"\",\"rex_effect_image_properties_interlace\":null},\"rex_effect_focuspoint_fit\":{\"rex_effect_focuspoint_fit_meta\":\"med_focuspoint\",\"rex_effect_focuspoint_fit_focus\":\"\",\"rex_effect_focuspoint_fit_width\":\"\",\"rex_effect_focuspoint_fit_height\":\"\",\"rex_effect_focuspoint_fit_zoom\":\"0%\"},\"rex_effect_filter_brightness\":{\"rex_effect_filter_brightness_brightness\":\"\"},\"rex_effect_flip\":{\"rex_effect_flip_flip\":\"X\"},\"rex_effect_image_format\":{\"rex_effect_image_format_convert_to\":\"webp\"},\"rex_effect_filter_contrast\":{\"rex_effect_filter_contrast_contrast\":\"\"},\"rex_effect_filter_sharpen\":{\"rex_effect_filter_sharpen_amount\":\"80\",\"rex_effect_filter_sharpen_radius\":\"0.5\",\"rex_effect_filter_sharpen_threshold\":\"3\"},\"rex_effect_resize\":{\"rex_effect_resize_width\":\"\",\"rex_effect_resize_height\":\"\",\"rex_effect_resize_style\":\"maximum\",\"rex_effect_resize_allow_enlarge\":\"enlarge\"},\"rex_effect_filter_blur\":{\"rex_effect_filter_blur_repeats\":\"10\",\"rex_effect_filter_blur_type\":\"gaussian\",\"rex_effect_filter_blur_smoothit\":\"\"},\"rex_effect_mirror\":{\"rex_effect_mirror_height\":\"\",\"rex_effect_mirror_opacity\":\"100\",\"rex_effect_mirror_set_transparent\":\"colored\",\"rex_effect_mirror_bg_r\":\"\",\"rex_effect_mirror_bg_g\":\"\",\"rex_effect_mirror_bg_b\":\"\"},\"rex_effect_header\":{\"rex_effect_header_download\":\"open_media\",\"rex_effect_header_cache\":\"no_cache\",\"rex_effect_header_filename\":\"filename\",\"rex_effect_header_index\":\"index\"},\"rex_effect_convert2img\":{\"rex_effect_convert2img_convert_to\":\"jpg\",\"rex_effect_convert2img_density\":\"150\",\"rex_effect_convert2img_color\":\"\"},\"rex_effect_mediapath\":{\"rex_effect_mediapath_mediapath\":\"\"},\"rex_effect_negotiator\":{\"rex_effect_negotiator_mediatyp\":\"default-xs-c\"}}', 2, '2023-03-22 10:45:40', 'admin', '2023-08-03 13:48:48', 'admin'),
( 127, 'negotiator', '{\"rex_effect_rounded_corners\":{\"rex_effect_rounded_corners_topleft\":\"\",\"rex_effect_rounded_corners_topright\":\"\",\"rex_effect_rounded_corners_bottomleft\":\"\",\"rex_effect_rounded_corners_bottomright\":\"\"},\"rex_effect_workspace\":{\"rex_effect_workspace_set_transparent\":\"colored\",\"rex_effect_workspace_width\":\"\",\"rex_effect_workspace_height\":\"\",\"rex_effect_workspace_hpos\":\"left\",\"rex_effect_workspace_vpos\":\"top\",\"rex_effect_workspace_padding_x\":\"0\",\"rex_effect_workspace_padding_y\":\"0\",\"rex_effect_workspace_bg_r\":\"\",\"rex_effect_workspace_bg_g\":\"\",\"rex_effect_workspace_bg_b\":\"\",\"rex_effect_workspace_bgimage\":\"\"},\"rex_effect_crop\":{\"rex_effect_crop_width\":\"\",\"rex_effect_crop_height\":\"\",\"rex_effect_crop_offset_width\":\"\",\"rex_effect_crop_offset_height\":\"\",\"rex_effect_crop_hpos\":\"center\",\"rex_effect_crop_vpos\":\"middle\"},\"rex_effect_insert_image\":{\"rex_effect_insert_image_brandimage\":\"\",\"rex_effect_insert_image_hpos\":\"left\",\"rex_effect_insert_image_vpos\":\"top\",\"rex_effect_insert_image_padding_x\":\"-10\",\"rex_effect_insert_image_padding_y\":\"-10\"},\"rex_effect_rotate\":{\"rex_effect_rotate_rotate\":\"0\"},\"rex_effect_filter_colorize\":{\"rex_effect_filter_colorize_filter_r\":\"\",\"rex_effect_filter_colorize_filter_g\":\"\",\"rex_effect_filter_colorize_filter_b\":\"\"},\"rex_effect_image_properties\":{\"rex_effect_image_properties_jpg_quality\":\"\",\"rex_effect_image_properties_png_compression\":\"\",\"rex_effect_image_properties_webp_quality\":\"\",\"rex_effect_image_properties_avif_quality\":\"\",\"rex_effect_image_properties_avif_speed\":\"\",\"rex_effect_image_properties_interlace\":null},\"rex_effect_focuspoint_fit\":{\"rex_effect_focuspoint_fit_meta\":\"med_focuspoint\",\"rex_effect_focuspoint_fit_focus\":\"\",\"rex_effect_focuspoint_fit_width\":\"\",\"rex_effect_focuspoint_fit_height\":\"\",\"rex_effect_focuspoint_fit_zoom\":\"0%\"},\"rex_effect_filter_brightness\":{\"rex_effect_filter_brightness_brightness\":\"\"},\"rex_effect_flip\":{\"rex_effect_flip_flip\":\"X\"},\"rex_effect_image_format\":{\"rex_effect_image_format_convert_to\":\"webp\"},\"rex_effect_filter_contrast\":{\"rex_effect_filter_contrast_contrast\":\"\"},\"rex_effect_filter_sharpen\":{\"rex_effect_filter_sharpen_amount\":\"80\",\"rex_effect_filter_sharpen_radius\":\"0.5\",\"rex_effect_filter_sharpen_threshold\":\"3\"},\"rex_effect_resize\":{\"rex_effect_resize_width\":\"\",\"rex_effect_resize_height\":\"\",\"rex_effect_resize_style\":\"maximum\",\"rex_effect_resize_allow_enlarge\":\"enlarge\"},\"rex_effect_filter_blur\":{\"rex_effect_filter_blur_repeats\":\"10\",\"rex_effect_filter_blur_type\":\"gaussian\",\"rex_effect_filter_blur_smoothit\":\"\"},\"rex_effect_mirror\":{\"rex_effect_mirror_height\":\"\",\"rex_effect_mirror_opacity\":\"100\",\"rex_effect_mirror_set_transparent\":\"colored\",\"rex_effect_mirror_bg_r\":\"\",\"rex_effect_mirror_bg_g\":\"\",\"rex_effect_mirror_bg_b\":\"\"},\"rex_effect_header\":{\"rex_effect_header_download\":\"open_media\",\"rex_effect_header_cache\":\"no_cache\",\"rex_effect_header_filename\":\"filename\",\"rex_effect_header_index\":\"index\"},\"rex_effect_convert2img\":{\"rex_effect_convert2img_convert_to\":\"jpg\",\"rex_effect_convert2img_density\":\"150\",\"rex_effect_convert2img_color\":\"\"},\"rex_effect_mediapath\":{\"rex_effect_mediapath_mediapath\":\"\"},\"rex_effect_negotiator\":{\"rex_effect_negotiator_mediatyp\":\"default-xs-sq\"}}', 2, '2023-03-22 10:45:46', 'admin', '2023-08-03 13:48:50', 'admin'),
( 118, 'negotiator', '{\"rex_effect_rounded_corners\":{\"rex_effect_rounded_corners_topleft\":\"\",\"rex_effect_rounded_corners_topright\":\"\",\"rex_effect_rounded_corners_bottomleft\":\"\",\"rex_effect_rounded_corners_bottomright\":\"\"},\"rex_effect_workspace\":{\"rex_effect_workspace_set_transparent\":\"colored\",\"rex_effect_workspace_width\":\"\",\"rex_effect_workspace_height\":\"\",\"rex_effect_workspace_hpos\":\"left\",\"rex_effect_workspace_vpos\":\"top\",\"rex_effect_workspace_padding_x\":\"0\",\"rex_effect_workspace_padding_y\":\"0\",\"rex_effect_workspace_bg_r\":\"\",\"rex_effect_workspace_bg_g\":\"\",\"rex_effect_workspace_bg_b\":\"\",\"rex_effect_workspace_bgimage\":\"\"},\"rex_effect_crop\":{\"rex_effect_crop_width\":\"\",\"rex_effect_crop_height\":\"\",\"rex_effect_crop_offset_width\":\"\",\"rex_effect_crop_offset_height\":\"\",\"rex_effect_crop_hpos\":\"center\",\"rex_effect_crop_vpos\":\"middle\"},\"rex_effect_insert_image\":{\"rex_effect_insert_image_brandimage\":\"\",\"rex_effect_insert_image_hpos\":\"left\",\"rex_effect_insert_image_vpos\":\"top\",\"rex_effect_insert_image_padding_x\":\"-10\",\"rex_effect_insert_image_padding_y\":\"-10\"},\"rex_effect_rotate\":{\"rex_effect_rotate_rotate\":\"0\"},\"rex_effect_filter_colorize\":{\"rex_effect_filter_colorize_filter_r\":\"\",\"rex_effect_filter_colorize_filter_g\":\"\",\"rex_effect_filter_colorize_filter_b\":\"\"},\"rex_effect_image_properties\":{\"rex_effect_image_properties_jpg_quality\":\"\",\"rex_effect_image_properties_png_compression\":\"\",\"rex_effect_image_properties_webp_quality\":\"\",\"rex_effect_image_properties_avif_quality\":\"\",\"rex_effect_image_properties_avif_speed\":\"\",\"rex_effect_image_properties_interlace\":null},\"rex_effect_focuspoint_fit\":{\"rex_effect_focuspoint_fit_meta\":\"med_focuspoint\",\"rex_effect_focuspoint_fit_focus\":\"\",\"rex_effect_focuspoint_fit_width\":\"\",\"rex_effect_focuspoint_fit_height\":\"\",\"rex_effect_focuspoint_fit_zoom\":\"0%\"},\"rex_effect_filter_brightness\":{\"rex_effect_filter_brightness_brightness\":\"\"},\"rex_effect_flip\":{\"rex_effect_flip_flip\":\"X\"},\"rex_effect_image_format\":{\"rex_effect_image_format_convert_to\":\"webp\"},\"rex_effect_filter_contrast\":{\"rex_effect_filter_contrast_contrast\":\"\"},\"rex_effect_filter_sharpen\":{\"rex_effect_filter_sharpen_amount\":\"80\",\"rex_effect_filter_sharpen_radius\":\"0.5\",\"rex_effect_filter_sharpen_threshold\":\"3\"},\"rex_effect_resize\":{\"rex_effect_resize_width\":\"\",\"rex_effect_resize_height\":\"\",\"rex_effect_resize_style\":\"maximum\",\"rex_effect_resize_allow_enlarge\":\"enlarge\"},\"rex_effect_filter_blur\":{\"rex_effect_filter_blur_repeats\":\"10\",\"rex_effect_filter_blur_type\":\"gaussian\",\"rex_effect_filter_blur_smoothit\":\"\"},\"rex_effect_mirror\":{\"rex_effect_mirror_height\":\"\",\"rex_effect_mirror_opacity\":\"100\",\"rex_effect_mirror_set_transparent\":\"colored\",\"rex_effect_mirror_bg_r\":\"\",\"rex_effect_mirror_bg_g\":\"\",\"rex_effect_mirror_bg_b\":\"\"},\"rex_effect_header\":{\"rex_effect_header_download\":\"open_media\",\"rex_effect_header_cache\":\"no_cache\",\"rex_effect_header_filename\":\"filename\",\"rex_effect_header_index\":\"index\"},\"rex_effect_convert2img\":{\"rex_effect_convert2img_convert_to\":\"jpg\",\"rex_effect_convert2img_density\":\"150\",\"rex_effect_convert2img_color\":\"\"},\"rex_effect_mediapath\":{\"rex_effect_mediapath_mediapath\":\"\"},\"rex_effect_negotiator\":{\"rex_effect_negotiator_mediatyp\":\"default-xxl\"}}', 2, '2023-03-22 10:45:53', 'admin', '2023-08-03 13:48:53', 'admin'),
( 119, 'negotiator', '{\"rex_effect_rounded_corners\":{\"rex_effect_rounded_corners_topleft\":\"\",\"rex_effect_rounded_corners_topright\":\"\",\"rex_effect_rounded_corners_bottomleft\":\"\",\"rex_effect_rounded_corners_bottomright\":\"\"},\"rex_effect_workspace\":{\"rex_effect_workspace_set_transparent\":\"colored\",\"rex_effect_workspace_width\":\"\",\"rex_effect_workspace_height\":\"\",\"rex_effect_workspace_hpos\":\"left\",\"rex_effect_workspace_vpos\":\"top\",\"rex_effect_workspace_padding_x\":\"0\",\"rex_effect_workspace_padding_y\":\"0\",\"rex_effect_workspace_bg_r\":\"\",\"rex_effect_workspace_bg_g\":\"\",\"rex_effect_workspace_bg_b\":\"\",\"rex_effect_workspace_bgimage\":\"\"},\"rex_effect_crop\":{\"rex_effect_crop_width\":\"\",\"rex_effect_crop_height\":\"\",\"rex_effect_crop_offset_width\":\"\",\"rex_effect_crop_offset_height\":\"\",\"rex_effect_crop_hpos\":\"center\",\"rex_effect_crop_vpos\":\"middle\"},\"rex_effect_insert_image\":{\"rex_effect_insert_image_brandimage\":\"\",\"rex_effect_insert_image_hpos\":\"left\",\"rex_effect_insert_image_vpos\":\"top\",\"rex_effect_insert_image_padding_x\":\"-10\",\"rex_effect_insert_image_padding_y\":\"-10\"},\"rex_effect_rotate\":{\"rex_effect_rotate_rotate\":\"0\"},\"rex_effect_filter_colorize\":{\"rex_effect_filter_colorize_filter_r\":\"\",\"rex_effect_filter_colorize_filter_g\":\"\",\"rex_effect_filter_colorize_filter_b\":\"\"},\"rex_effect_image_properties\":{\"rex_effect_image_properties_jpg_quality\":\"\",\"rex_effect_image_properties_png_compression\":\"\",\"rex_effect_image_properties_webp_quality\":\"\",\"rex_effect_image_properties_avif_quality\":\"\",\"rex_effect_image_properties_avif_speed\":\"\",\"rex_effect_image_properties_interlace\":null},\"rex_effect_focuspoint_fit\":{\"rex_effect_focuspoint_fit_meta\":\"med_focuspoint\",\"rex_effect_focuspoint_fit_focus\":\"\",\"rex_effect_focuspoint_fit_width\":\"\",\"rex_effect_focuspoint_fit_height\":\"\",\"rex_effect_focuspoint_fit_zoom\":\"0%\"},\"rex_effect_filter_brightness\":{\"rex_effect_filter_brightness_brightness\":\"\"},\"rex_effect_flip\":{\"rex_effect_flip_flip\":\"X\"},\"rex_effect_image_format\":{\"rex_effect_image_format_convert_to\":\"webp\"},\"rex_effect_filter_contrast\":{\"rex_effect_filter_contrast_contrast\":\"\"},\"rex_effect_filter_sharpen\":{\"rex_effect_filter_sharpen_amount\":\"80\",\"rex_effect_filter_sharpen_radius\":\"0.5\",\"rex_effect_filter_sharpen_threshold\":\"3\"},\"rex_effect_resize\":{\"rex_effect_resize_width\":\"\",\"rex_effect_resize_height\":\"\",\"rex_effect_resize_style\":\"maximum\",\"rex_effect_resize_allow_enlarge\":\"enlarge\"},\"rex_effect_filter_blur\":{\"rex_effect_filter_blur_repeats\":\"10\",\"rex_effect_filter_blur_type\":\"gaussian\",\"rex_effect_filter_blur_smoothit\":\"\"},\"rex_effect_mirror\":{\"rex_effect_mirror_height\":\"\",\"rex_effect_mirror_opacity\":\"100\",\"rex_effect_mirror_set_transparent\":\"colored\",\"rex_effect_mirror_bg_r\":\"\",\"rex_effect_mirror_bg_g\":\"\",\"rex_effect_mirror_bg_b\":\"\"},\"rex_effect_header\":{\"rex_effect_header_download\":\"open_media\",\"rex_effect_header_cache\":\"no_cache\",\"rex_effect_header_filename\":\"filename\",\"rex_effect_header_index\":\"index\"},\"rex_effect_convert2img\":{\"rex_effect_convert2img_convert_to\":\"jpg\",\"rex_effect_convert2img_density\":\"150\",\"rex_effect_convert2img_color\":\"\"},\"rex_effect_mediapath\":{\"rex_effect_mediapath_mediapath\":\"\"},\"rex_effect_negotiator\":{\"rex_effect_negotiator_mediatyp\":\"default-xxl-c\"}}', 2, '2023-03-22 10:45:59', 'admin', '2023-08-03 13:48:55', 'admin'),
( 128, 'negotiator', '{\"rex_effect_rounded_corners\":{\"rex_effect_rounded_corners_topleft\":\"\",\"rex_effect_rounded_corners_topright\":\"\",\"rex_effect_rounded_corners_bottomleft\":\"\",\"rex_effect_rounded_corners_bottomright\":\"\"},\"rex_effect_workspace\":{\"rex_effect_workspace_set_transparent\":\"colored\",\"rex_effect_workspace_width\":\"\",\"rex_effect_workspace_height\":\"\",\"rex_effect_workspace_hpos\":\"left\",\"rex_effect_workspace_vpos\":\"top\",\"rex_effect_workspace_padding_x\":\"0\",\"rex_effect_workspace_padding_y\":\"0\",\"rex_effect_workspace_bg_r\":\"\",\"rex_effect_workspace_bg_g\":\"\",\"rex_effect_workspace_bg_b\":\"\",\"rex_effect_workspace_bgimage\":\"\"},\"rex_effect_crop\":{\"rex_effect_crop_width\":\"\",\"rex_effect_crop_height\":\"\",\"rex_effect_crop_offset_width\":\"\",\"rex_effect_crop_offset_height\":\"\",\"rex_effect_crop_hpos\":\"center\",\"rex_effect_crop_vpos\":\"middle\"},\"rex_effect_insert_image\":{\"rex_effect_insert_image_brandimage\":\"\",\"rex_effect_insert_image_hpos\":\"left\",\"rex_effect_insert_image_vpos\":\"top\",\"rex_effect_insert_image_padding_x\":\"-10\",\"rex_effect_insert_image_padding_y\":\"-10\"},\"rex_effect_rotate\":{\"rex_effect_rotate_rotate\":\"0\"},\"rex_effect_filter_colorize\":{\"rex_effect_filter_colorize_filter_r\":\"\",\"rex_effect_filter_colorize_filter_g\":\"\",\"rex_effect_filter_colorize_filter_b\":\"\"},\"rex_effect_image_properties\":{\"rex_effect_image_properties_jpg_quality\":\"\",\"rex_effect_image_properties_png_compression\":\"\",\"rex_effect_image_properties_webp_quality\":\"\",\"rex_effect_image_properties_avif_quality\":\"\",\"rex_effect_image_properties_avif_speed\":\"\",\"rex_effect_image_properties_interlace\":null},\"rex_effect_focuspoint_fit\":{\"rex_effect_focuspoint_fit_meta\":\"med_focuspoint\",\"rex_effect_focuspoint_fit_focus\":\"\",\"rex_effect_focuspoint_fit_width\":\"\",\"rex_effect_focuspoint_fit_height\":\"\",\"rex_effect_focuspoint_fit_zoom\":\"0%\"},\"rex_effect_filter_brightness\":{\"rex_effect_filter_brightness_brightness\":\"\"},\"rex_effect_flip\":{\"rex_effect_flip_flip\":\"X\"},\"rex_effect_image_format\":{\"rex_effect_image_format_convert_to\":\"webp\"},\"rex_effect_filter_contrast\":{\"rex_effect_filter_contrast_contrast\":\"\"},\"rex_effect_filter_sharpen\":{\"rex_effect_filter_sharpen_amount\":\"80\",\"rex_effect_filter_sharpen_radius\":\"0.5\",\"rex_effect_filter_sharpen_threshold\":\"3\"},\"rex_effect_resize\":{\"rex_effect_resize_width\":\"\",\"rex_effect_resize_height\":\"\",\"rex_effect_resize_style\":\"maximum\",\"rex_effect_resize_allow_enlarge\":\"enlarge\"},\"rex_effect_filter_blur\":{\"rex_effect_filter_blur_repeats\":\"10\",\"rex_effect_filter_blur_type\":\"gaussian\",\"rex_effect_filter_blur_smoothit\":\"\"},\"rex_effect_mirror\":{\"rex_effect_mirror_height\":\"\",\"rex_effect_mirror_opacity\":\"100\",\"rex_effect_mirror_set_transparent\":\"colored\",\"rex_effect_mirror_bg_r\":\"\",\"rex_effect_mirror_bg_g\":\"\",\"rex_effect_mirror_bg_b\":\"\"},\"rex_effect_header\":{\"rex_effect_header_download\":\"open_media\",\"rex_effect_header_cache\":\"no_cache\",\"rex_effect_header_filename\":\"filename\",\"rex_effect_header_index\":\"index\"},\"rex_effect_convert2img\":{\"rex_effect_convert2img_convert_to\":\"jpg\",\"rex_effect_convert2img_density\":\"150\",\"rex_effect_convert2img_color\":\"\"},\"rex_effect_mediapath\":{\"rex_effect_mediapath_mediapath\":\"\"},\"rex_effect_negotiator\":{\"rex_effect_negotiator_mediatyp\":\"default-xxl-sq\"}}', 2, '2023-03-22 10:46:06', 'admin', '2023-08-03 13:48:58', 'admin'),
( 62, 'negotiator', '{\"rex_effect_rounded_corners\":{\"rex_effect_rounded_corners_topleft\":\"\",\"rex_effect_rounded_corners_topright\":\"\",\"rex_effect_rounded_corners_bottomleft\":\"\",\"rex_effect_rounded_corners_bottomright\":\"\"},\"rex_effect_workspace\":{\"rex_effect_workspace_set_transparent\":\"colored\",\"rex_effect_workspace_width\":\"\",\"rex_effect_workspace_height\":\"\",\"rex_effect_workspace_hpos\":\"left\",\"rex_effect_workspace_vpos\":\"top\",\"rex_effect_workspace_padding_x\":\"0\",\"rex_effect_workspace_padding_y\":\"0\",\"rex_effect_workspace_bg_r\":\"\",\"rex_effect_workspace_bg_g\":\"\",\"rex_effect_workspace_bg_b\":\"\",\"rex_effect_workspace_bgimage\":\"\"},\"rex_effect_crop\":{\"rex_effect_crop_width\":\"\",\"rex_effect_crop_height\":\"\",\"rex_effect_crop_offset_width\":\"\",\"rex_effect_crop_offset_height\":\"\",\"rex_effect_crop_hpos\":\"center\",\"rex_effect_crop_vpos\":\"middle\"},\"rex_effect_insert_image\":{\"rex_effect_insert_image_brandimage\":\"\",\"rex_effect_insert_image_hpos\":\"left\",\"rex_effect_insert_image_vpos\":\"top\",\"rex_effect_insert_image_padding_x\":\"-10\",\"rex_effect_insert_image_padding_y\":\"-10\"},\"rex_effect_rotate\":{\"rex_effect_rotate_rotate\":\"0\"},\"rex_effect_filter_colorize\":{\"rex_effect_filter_colorize_filter_r\":\"\",\"rex_effect_filter_colorize_filter_g\":\"\",\"rex_effect_filter_colorize_filter_b\":\"\"},\"rex_effect_image_properties\":{\"rex_effect_image_properties_jpg_quality\":\"\",\"rex_effect_image_properties_png_compression\":\"\",\"rex_effect_image_properties_webp_quality\":\"\",\"rex_effect_image_properties_avif_quality\":\"\",\"rex_effect_image_properties_avif_speed\":\"\",\"rex_effect_image_properties_interlace\":null},\"rex_effect_focuspoint_fit\":{\"rex_effect_focuspoint_fit_meta\":\"med_focuspoint\",\"rex_effect_focuspoint_fit_focus\":\"\",\"rex_effect_focuspoint_fit_width\":\"\",\"rex_effect_focuspoint_fit_height\":\"\",\"rex_effect_focuspoint_fit_zoom\":\"0%\"},\"rex_effect_filter_brightness\":{\"rex_effect_filter_brightness_brightness\":\"\"},\"rex_effect_flip\":{\"rex_effect_flip_flip\":\"X\"},\"rex_effect_image_format\":{\"rex_effect_image_format_convert_to\":\"webp\"},\"rex_effect_filter_contrast\":{\"rex_effect_filter_contrast_contrast\":\"\"},\"rex_effect_filter_sharpen\":{\"rex_effect_filter_sharpen_amount\":\"80\",\"rex_effect_filter_sharpen_radius\":\"0.5\",\"rex_effect_filter_sharpen_threshold\":\"3\"},\"rex_effect_resize\":{\"rex_effect_resize_width\":\"\",\"rex_effect_resize_height\":\"\",\"rex_effect_resize_style\":\"maximum\",\"rex_effect_resize_allow_enlarge\":\"enlarge\"},\"rex_effect_filter_blur\":{\"rex_effect_filter_blur_repeats\":\"10\",\"rex_effect_filter_blur_type\":\"gaussian\",\"rex_effect_filter_blur_smoothit\":\"\"},\"rex_effect_mirror\":{\"rex_effect_mirror_height\":\"\",\"rex_effect_mirror_opacity\":\"100\",\"rex_effect_mirror_set_transparent\":\"colored\",\"rex_effect_mirror_bg_r\":\"\",\"rex_effect_mirror_bg_g\":\"\",\"rex_effect_mirror_bg_b\":\"\"},\"rex_effect_header\":{\"rex_effect_header_download\":\"open_media\",\"rex_effect_header_cache\":\"no_cache\",\"rex_effect_header_filename\":\"filename\",\"rex_effect_header_index\":\"index\"},\"rex_effect_convert2img\":{\"rex_effect_convert2img_convert_to\":\"jpg\",\"rex_effect_convert2img_density\":\"150\",\"rex_effect_convert2img_color\":\"\"},\"rex_effect_mediapath\":{\"rex_effect_mediapath_mediapath\":\"\"}}', 2, '2023-03-22 10:46:14', 'admin', '2023-03-22 10:46:14', 'admin'),
( 35, 'negotiator', '{\"rex_effect_rounded_corners\":{\"rex_effect_rounded_corners_topleft\":\"\",\"rex_effect_rounded_corners_topright\":\"\",\"rex_effect_rounded_corners_bottomleft\":\"\",\"rex_effect_rounded_corners_bottomright\":\"\"},\"rex_effect_workspace\":{\"rex_effect_workspace_set_transparent\":\"colored\",\"rex_effect_workspace_width\":\"\",\"rex_effect_workspace_height\":\"\",\"rex_effect_workspace_hpos\":\"left\",\"rex_effect_workspace_vpos\":\"top\",\"rex_effect_workspace_padding_x\":\"0\",\"rex_effect_workspace_padding_y\":\"0\",\"rex_effect_workspace_bg_r\":\"\",\"rex_effect_workspace_bg_g\":\"\",\"rex_effect_workspace_bg_b\":\"\",\"rex_effect_workspace_bgimage\":\"\"},\"rex_effect_crop\":{\"rex_effect_crop_width\":\"\",\"rex_effect_crop_height\":\"\",\"rex_effect_crop_offset_width\":\"\",\"rex_effect_crop_offset_height\":\"\",\"rex_effect_crop_hpos\":\"center\",\"rex_effect_crop_vpos\":\"middle\"},\"rex_effect_insert_image\":{\"rex_effect_insert_image_brandimage\":\"\",\"rex_effect_insert_image_hpos\":\"left\",\"rex_effect_insert_image_vpos\":\"top\",\"rex_effect_insert_image_padding_x\":\"-10\",\"rex_effect_insert_image_padding_y\":\"-10\"},\"rex_effect_rotate\":{\"rex_effect_rotate_rotate\":\"0\"},\"rex_effect_filter_colorize\":{\"rex_effect_filter_colorize_filter_r\":\"\",\"rex_effect_filter_colorize_filter_g\":\"\",\"rex_effect_filter_colorize_filter_b\":\"\"},\"rex_effect_image_properties\":{\"rex_effect_image_properties_jpg_quality\":\"\",\"rex_effect_image_properties_png_compression\":\"\",\"rex_effect_image_properties_webp_quality\":\"\",\"rex_effect_image_properties_avif_quality\":\"\",\"rex_effect_image_properties_avif_speed\":\"\",\"rex_effect_image_properties_interlace\":null},\"rex_effect_focuspoint_fit\":{\"rex_effect_focuspoint_fit_meta\":\"med_focuspoint\",\"rex_effect_focuspoint_fit_focus\":\"\",\"rex_effect_focuspoint_fit_width\":\"\",\"rex_effect_focuspoint_fit_height\":\"\",\"rex_effect_focuspoint_fit_zoom\":\"0%\"},\"rex_effect_filter_brightness\":{\"rex_effect_filter_brightness_brightness\":\"\"},\"rex_effect_flip\":{\"rex_effect_flip_flip\":\"X\"},\"rex_effect_image_format\":{\"rex_effect_image_format_convert_to\":\"webp\"},\"rex_effect_filter_contrast\":{\"rex_effect_filter_contrast_contrast\":\"\"},\"rex_effect_filter_sharpen\":{\"rex_effect_filter_sharpen_amount\":\"80\",\"rex_effect_filter_sharpen_radius\":\"0.5\",\"rex_effect_filter_sharpen_threshold\":\"3\"},\"rex_effect_resize\":{\"rex_effect_resize_width\":\"\",\"rex_effect_resize_height\":\"\",\"rex_effect_resize_style\":\"maximum\",\"rex_effect_resize_allow_enlarge\":\"enlarge\"},\"rex_effect_filter_blur\":{\"rex_effect_filter_blur_repeats\":\"10\",\"rex_effect_filter_blur_type\":\"gaussian\",\"rex_effect_filter_blur_smoothit\":\"\"},\"rex_effect_mirror\":{\"rex_effect_mirror_height\":\"\",\"rex_effect_mirror_opacity\":\"100\",\"rex_effect_mirror_set_transparent\":\"colored\",\"rex_effect_mirror_bg_r\":\"\",\"rex_effect_mirror_bg_g\":\"\",\"rex_effect_mirror_bg_b\":\"\"},\"rex_effect_header\":{\"rex_effect_header_download\":\"open_media\",\"rex_effect_header_cache\":\"no_cache\",\"rex_effect_header_filename\":\"filename\",\"rex_effect_header_index\":\"index\"},\"rex_effect_convert2img\":{\"rex_effect_convert2img_convert_to\":\"jpg\",\"rex_effect_convert2img_density\":\"150\",\"rex_effect_convert2img_color\":\"\"},\"rex_effect_mediapath\":{\"rex_effect_mediapath_mediapath\":\"\"},\"rex_effect_negotiator\":{\"rex_effect_negotiator_mediatyp\":\"lightbox\"}}', 4, '2023-03-22 10:46:24', 'admin', '2023-08-03 13:49:06', 'admin'),
( 138, 'negotiator', '{\"rex_effect_rounded_corners\":{\"rex_effect_rounded_corners_topleft\":\"\",\"rex_effect_rounded_corners_topright\":\"\",\"rex_effect_rounded_corners_bottomleft\":\"\",\"rex_effect_rounded_corners_bottomright\":\"\"},\"rex_effect_workspace\":{\"rex_effect_workspace_set_transparent\":\"colored\",\"rex_effect_workspace_width\":\"\",\"rex_effect_workspace_height\":\"\",\"rex_effect_workspace_hpos\":\"left\",\"rex_effect_workspace_vpos\":\"top\",\"rex_effect_workspace_padding_x\":\"0\",\"rex_effect_workspace_padding_y\":\"0\",\"rex_effect_workspace_bg_r\":\"\",\"rex_effect_workspace_bg_g\":\"\",\"rex_effect_workspace_bg_b\":\"\",\"rex_effect_workspace_bgimage\":\"\"},\"rex_effect_crop\":{\"rex_effect_crop_width\":\"\",\"rex_effect_crop_height\":\"\",\"rex_effect_crop_offset_width\":\"\",\"rex_effect_crop_offset_height\":\"\",\"rex_effect_crop_hpos\":\"center\",\"rex_effect_crop_vpos\":\"middle\"},\"rex_effect_insert_image\":{\"rex_effect_insert_image_brandimage\":\"\",\"rex_effect_insert_image_hpos\":\"left\",\"rex_effect_insert_image_vpos\":\"top\",\"rex_effect_insert_image_padding_x\":\"-10\",\"rex_effect_insert_image_padding_y\":\"-10\"},\"rex_effect_rotate\":{\"rex_effect_rotate_rotate\":\"0\"},\"rex_effect_filter_colorize\":{\"rex_effect_filter_colorize_filter_r\":\"\",\"rex_effect_filter_colorize_filter_g\":\"\",\"rex_effect_filter_colorize_filter_b\":\"\"},\"rex_effect_image_properties\":{\"rex_effect_image_properties_jpg_quality\":\"\",\"rex_effect_image_properties_png_compression\":\"\",\"rex_effect_image_properties_webp_quality\":\"\",\"rex_effect_image_properties_avif_quality\":\"\",\"rex_effect_image_properties_avif_speed\":\"\",\"rex_effect_image_properties_interlace\":null},\"rex_effect_focuspoint_fit\":{\"rex_effect_focuspoint_fit_meta\":\"med_focuspoint\",\"rex_effect_focuspoint_fit_focus\":\"\",\"rex_effect_focuspoint_fit_width\":\"\",\"rex_effect_focuspoint_fit_height\":\"\",\"rex_effect_focuspoint_fit_zoom\":\"0%\"},\"rex_effect_filter_brightness\":{\"rex_effect_filter_brightness_brightness\":\"\"},\"rex_effect_flip\":{\"rex_effect_flip_flip\":\"X\"},\"rex_effect_image_format\":{\"rex_effect_image_format_convert_to\":\"webp\"},\"rex_effect_filter_contrast\":{\"rex_effect_filter_contrast_contrast\":\"\"},\"rex_effect_filter_sharpen\":{\"rex_effect_filter_sharpen_amount\":\"80\",\"rex_effect_filter_sharpen_radius\":\"0.5\",\"rex_effect_filter_sharpen_threshold\":\"3\"},\"rex_effect_resize\":{\"rex_effect_resize_width\":\"\",\"rex_effect_resize_height\":\"\",\"rex_effect_resize_style\":\"maximum\",\"rex_effect_resize_allow_enlarge\":\"enlarge\"},\"rex_effect_filter_blur\":{\"rex_effect_filter_blur_repeats\":\"10\",\"rex_effect_filter_blur_type\":\"gaussian\",\"rex_effect_filter_blur_smoothit\":\"\"},\"rex_effect_mirror\":{\"rex_effect_mirror_height\":\"\",\"rex_effect_mirror_opacity\":\"100\",\"rex_effect_mirror_set_transparent\":\"colored\",\"rex_effect_mirror_bg_r\":\"\",\"rex_effect_mirror_bg_g\":\"\",\"rex_effect_mirror_bg_b\":\"\"},\"rex_effect_header\":{\"rex_effect_header_download\":\"open_media\",\"rex_effect_header_cache\":\"no_cache\",\"rex_effect_header_filename\":\"filename\",\"rex_effect_header_index\":\"index\"},\"rex_effect_convert2img\":{\"rex_effect_convert2img_convert_to\":\"jpg\",\"rex_effect_convert2img_density\":\"150\",\"rex_effect_convert2img_color\":\"\"},\"rex_effect_mediapath\":{\"rex_effect_mediapath_mediapath\":\"\"},\"rex_effect_negotiator\":{\"rex_effect_negotiator_mediatyp\":\"lightbox-models\"}}', 3, '2023-03-22 10:46:32', 'admin', '2023-08-03 13:49:09', 'admin'),
( 135, 'negotiator', '{\"rex_effect_rounded_corners\":{\"rex_effect_rounded_corners_topleft\":\"\",\"rex_effect_rounded_corners_topright\":\"\",\"rex_effect_rounded_corners_bottomleft\":\"\",\"rex_effect_rounded_corners_bottomright\":\"\"},\"rex_effect_workspace\":{\"rex_effect_workspace_set_transparent\":\"colored\",\"rex_effect_workspace_width\":\"\",\"rex_effect_workspace_height\":\"\",\"rex_effect_workspace_hpos\":\"left\",\"rex_effect_workspace_vpos\":\"top\",\"rex_effect_workspace_padding_x\":\"0\",\"rex_effect_workspace_padding_y\":\"0\",\"rex_effect_workspace_bg_r\":\"\",\"rex_effect_workspace_bg_g\":\"\",\"rex_effect_workspace_bg_b\":\"\",\"rex_effect_workspace_bgimage\":\"\"},\"rex_effect_crop\":{\"rex_effect_crop_width\":\"\",\"rex_effect_crop_height\":\"\",\"rex_effect_crop_offset_width\":\"\",\"rex_effect_crop_offset_height\":\"\",\"rex_effect_crop_hpos\":\"center\",\"rex_effect_crop_vpos\":\"middle\"},\"rex_effect_insert_image\":{\"rex_effect_insert_image_brandimage\":\"\",\"rex_effect_insert_image_hpos\":\"left\",\"rex_effect_insert_image_vpos\":\"top\",\"rex_effect_insert_image_padding_x\":\"-10\",\"rex_effect_insert_image_padding_y\":\"-10\"},\"rex_effect_rotate\":{\"rex_effect_rotate_rotate\":\"0\"},\"rex_effect_filter_colorize\":{\"rex_effect_filter_colorize_filter_r\":\"\",\"rex_effect_filter_colorize_filter_g\":\"\",\"rex_effect_filter_colorize_filter_b\":\"\"},\"rex_effect_image_properties\":{\"rex_effect_image_properties_jpg_quality\":\"\",\"rex_effect_image_properties_png_compression\":\"\",\"rex_effect_image_properties_webp_quality\":\"\",\"rex_effect_image_properties_avif_quality\":\"\",\"rex_effect_image_properties_avif_speed\":\"\",\"rex_effect_image_properties_interlace\":null},\"rex_effect_focuspoint_fit\":{\"rex_effect_focuspoint_fit_meta\":\"med_focuspoint\",\"rex_effect_focuspoint_fit_focus\":\"\",\"rex_effect_focuspoint_fit_width\":\"\",\"rex_effect_focuspoint_fit_height\":\"\",\"rex_effect_focuspoint_fit_zoom\":\"0%\"},\"rex_effect_filter_brightness\":{\"rex_effect_filter_brightness_brightness\":\"\"},\"rex_effect_flip\":{\"rex_effect_flip_flip\":\"X\"},\"rex_effect_image_format\":{\"rex_effect_image_format_convert_to\":\"webp\"},\"rex_effect_filter_contrast\":{\"rex_effect_filter_contrast_contrast\":\"\"},\"rex_effect_filter_sharpen\":{\"rex_effect_filter_sharpen_amount\":\"80\",\"rex_effect_filter_sharpen_radius\":\"0.5\",\"rex_effect_filter_sharpen_threshold\":\"3\"},\"rex_effect_resize\":{\"rex_effect_resize_width\":\"\",\"rex_effect_resize_height\":\"\",\"rex_effect_resize_style\":\"maximum\",\"rex_effect_resize_allow_enlarge\":\"enlarge\"},\"rex_effect_filter_blur\":{\"rex_effect_filter_blur_repeats\":\"10\",\"rex_effect_filter_blur_type\":\"gaussian\",\"rex_effect_filter_blur_smoothit\":\"\"},\"rex_effect_mirror\":{\"rex_effect_mirror_height\":\"\",\"rex_effect_mirror_opacity\":\"100\",\"rex_effect_mirror_set_transparent\":\"colored\",\"rex_effect_mirror_bg_r\":\"\",\"rex_effect_mirror_bg_g\":\"\",\"rex_effect_mirror_bg_b\":\"\"},\"rex_effect_header\":{\"rex_effect_header_download\":\"open_media\",\"rex_effect_header_cache\":\"no_cache\",\"rex_effect_header_filename\":\"filename\",\"rex_effect_header_index\":\"index\"},\"rex_effect_convert2img\":{\"rex_effect_convert2img_convert_to\":\"jpg\",\"rex_effect_convert2img_density\":\"150\",\"rex_effect_convert2img_color\":\"\"},\"rex_effect_mediapath\":{\"rex_effect_mediapath_mediapath\":\"\"},\"rex_effect_negotiator\":{\"rex_effect_negotiator_mediatyp\":\"lip-default\"}}', 3, '2023-03-22 10:46:40', 'admin', '2023-08-03 13:49:12', 'admin'),
( 136, 'negotiator', '{\"rex_effect_rounded_corners\":{\"rex_effect_rounded_corners_topleft\":\"\",\"rex_effect_rounded_corners_topright\":\"\",\"rex_effect_rounded_corners_bottomleft\":\"\",\"rex_effect_rounded_corners_bottomright\":\"\"},\"rex_effect_workspace\":{\"rex_effect_workspace_set_transparent\":\"colored\",\"rex_effect_workspace_width\":\"\",\"rex_effect_workspace_height\":\"\",\"rex_effect_workspace_hpos\":\"left\",\"rex_effect_workspace_vpos\":\"top\",\"rex_effect_workspace_padding_x\":\"0\",\"rex_effect_workspace_padding_y\":\"0\",\"rex_effect_workspace_bg_r\":\"\",\"rex_effect_workspace_bg_g\":\"\",\"rex_effect_workspace_bg_b\":\"\",\"rex_effect_workspace_bgimage\":\"\"},\"rex_effect_crop\":{\"rex_effect_crop_width\":\"\",\"rex_effect_crop_height\":\"\",\"rex_effect_crop_offset_width\":\"\",\"rex_effect_crop_offset_height\":\"\",\"rex_effect_crop_hpos\":\"center\",\"rex_effect_crop_vpos\":\"middle\"},\"rex_effect_insert_image\":{\"rex_effect_insert_image_brandimage\":\"\",\"rex_effect_insert_image_hpos\":\"left\",\"rex_effect_insert_image_vpos\":\"top\",\"rex_effect_insert_image_padding_x\":\"-10\",\"rex_effect_insert_image_padding_y\":\"-10\"},\"rex_effect_rotate\":{\"rex_effect_rotate_rotate\":\"0\"},\"rex_effect_filter_colorize\":{\"rex_effect_filter_colorize_filter_r\":\"\",\"rex_effect_filter_colorize_filter_g\":\"\",\"rex_effect_filter_colorize_filter_b\":\"\"},\"rex_effect_image_properties\":{\"rex_effect_image_properties_jpg_quality\":\"\",\"rex_effect_image_properties_png_compression\":\"\",\"rex_effect_image_properties_webp_quality\":\"\",\"rex_effect_image_properties_avif_quality\":\"\",\"rex_effect_image_properties_avif_speed\":\"\",\"rex_effect_image_properties_interlace\":null},\"rex_effect_focuspoint_fit\":{\"rex_effect_focuspoint_fit_meta\":\"med_focuspoint\",\"rex_effect_focuspoint_fit_focus\":\"\",\"rex_effect_focuspoint_fit_width\":\"\",\"rex_effect_focuspoint_fit_height\":\"\",\"rex_effect_focuspoint_fit_zoom\":\"0%\"},\"rex_effect_filter_brightness\":{\"rex_effect_filter_brightness_brightness\":\"\"},\"rex_effect_flip\":{\"rex_effect_flip_flip\":\"X\"},\"rex_effect_image_format\":{\"rex_effect_image_format_convert_to\":\"webp\"},\"rex_effect_filter_contrast\":{\"rex_effect_filter_contrast_contrast\":\"\"},\"rex_effect_filter_sharpen\":{\"rex_effect_filter_sharpen_amount\":\"80\",\"rex_effect_filter_sharpen_radius\":\"0.5\",\"rex_effect_filter_sharpen_threshold\":\"3\"},\"rex_effect_resize\":{\"rex_effect_resize_width\":\"\",\"rex_effect_resize_height\":\"\",\"rex_effect_resize_style\":\"maximum\",\"rex_effect_resize_allow_enlarge\":\"enlarge\"},\"rex_effect_filter_blur\":{\"rex_effect_filter_blur_repeats\":\"10\",\"rex_effect_filter_blur_type\":\"gaussian\",\"rex_effect_filter_blur_smoothit\":\"\"},\"rex_effect_mirror\":{\"rex_effect_mirror_height\":\"\",\"rex_effect_mirror_opacity\":\"100\",\"rex_effect_mirror_set_transparent\":\"colored\",\"rex_effect_mirror_bg_r\":\"\",\"rex_effect_mirror_bg_g\":\"\",\"rex_effect_mirror_bg_b\":\"\"},\"rex_effect_header\":{\"rex_effect_header_download\":\"open_media\",\"rex_effect_header_cache\":\"no_cache\",\"rex_effect_header_filename\":\"filename\",\"rex_effect_header_index\":\"index\"},\"rex_effect_convert2img\":{\"rex_effect_convert2img_convert_to\":\"jpg\",\"rex_effect_convert2img_density\":\"150\",\"rex_effect_convert2img_color\":\"\"},\"rex_effect_mediapath\":{\"rex_effect_mediapath_mediapath\":\"\"},\"rex_effect_negotiator\":{\"rex_effect_negotiator_mediatyp\":\"lip-default-crop\"}}', 3, '2023-03-22 10:46:48', 'admin', '2023-08-03 13:49:14', 'admin'),
( 137, 'negotiator', '{\"rex_effect_rounded_corners\":{\"rex_effect_rounded_corners_topleft\":\"\",\"rex_effect_rounded_corners_topright\":\"\",\"rex_effect_rounded_corners_bottomleft\":\"\",\"rex_effect_rounded_corners_bottomright\":\"\"},\"rex_effect_workspace\":{\"rex_effect_workspace_set_transparent\":\"colored\",\"rex_effect_workspace_width\":\"\",\"rex_effect_workspace_height\":\"\",\"rex_effect_workspace_hpos\":\"left\",\"rex_effect_workspace_vpos\":\"top\",\"rex_effect_workspace_padding_x\":\"0\",\"rex_effect_workspace_padding_y\":\"0\",\"rex_effect_workspace_bg_r\":\"\",\"rex_effect_workspace_bg_g\":\"\",\"rex_effect_workspace_bg_b\":\"\",\"rex_effect_workspace_bgimage\":\"\"},\"rex_effect_crop\":{\"rex_effect_crop_width\":\"\",\"rex_effect_crop_height\":\"\",\"rex_effect_crop_offset_width\":\"\",\"rex_effect_crop_offset_height\":\"\",\"rex_effect_crop_hpos\":\"center\",\"rex_effect_crop_vpos\":\"middle\"},\"rex_effect_insert_image\":{\"rex_effect_insert_image_brandimage\":\"\",\"rex_effect_insert_image_hpos\":\"left\",\"rex_effect_insert_image_vpos\":\"top\",\"rex_effect_insert_image_padding_x\":\"-10\",\"rex_effect_insert_image_padding_y\":\"-10\"},\"rex_effect_rotate\":{\"rex_effect_rotate_rotate\":\"0\"},\"rex_effect_filter_colorize\":{\"rex_effect_filter_colorize_filter_r\":\"\",\"rex_effect_filter_colorize_filter_g\":\"\",\"rex_effect_filter_colorize_filter_b\":\"\"},\"rex_effect_image_properties\":{\"rex_effect_image_properties_jpg_quality\":\"\",\"rex_effect_image_properties_png_compression\":\"\",\"rex_effect_image_properties_webp_quality\":\"\",\"rex_effect_image_properties_avif_quality\":\"\",\"rex_effect_image_properties_avif_speed\":\"\",\"rex_effect_image_properties_interlace\":null},\"rex_effect_focuspoint_fit\":{\"rex_effect_focuspoint_fit_meta\":\"med_focuspoint\",\"rex_effect_focuspoint_fit_focus\":\"\",\"rex_effect_focuspoint_fit_width\":\"\",\"rex_effect_focuspoint_fit_height\":\"\",\"rex_effect_focuspoint_fit_zoom\":\"0%\"},\"rex_effect_filter_brightness\":{\"rex_effect_filter_brightness_brightness\":\"\"},\"rex_effect_flip\":{\"rex_effect_flip_flip\":\"X\"},\"rex_effect_image_format\":{\"rex_effect_image_format_convert_to\":\"webp\"},\"rex_effect_filter_contrast\":{\"rex_effect_filter_contrast_contrast\":\"\"},\"rex_effect_filter_sharpen\":{\"rex_effect_filter_sharpen_amount\":\"80\",\"rex_effect_filter_sharpen_radius\":\"0.5\",\"rex_effect_filter_sharpen_threshold\":\"3\"},\"rex_effect_resize\":{\"rex_effect_resize_width\":\"\",\"rex_effect_resize_height\":\"\",\"rex_effect_resize_style\":\"maximum\",\"rex_effect_resize_allow_enlarge\":\"enlarge\"},\"rex_effect_filter_blur\":{\"rex_effect_filter_blur_repeats\":\"10\",\"rex_effect_filter_blur_type\":\"gaussian\",\"rex_effect_filter_blur_smoothit\":\"\"},\"rex_effect_mirror\":{\"rex_effect_mirror_height\":\"\",\"rex_effect_mirror_opacity\":\"100\",\"rex_effect_mirror_set_transparent\":\"colored\",\"rex_effect_mirror_bg_r\":\"\",\"rex_effect_mirror_bg_g\":\"\",\"rex_effect_mirror_bg_b\":\"\"},\"rex_effect_header\":{\"rex_effect_header_download\":\"open_media\",\"rex_effect_header_cache\":\"no_cache\",\"rex_effect_header_filename\":\"filename\",\"rex_effect_header_index\":\"index\"},\"rex_effect_convert2img\":{\"rex_effect_convert2img_convert_to\":\"jpg\",\"rex_effect_convert2img_density\":\"150\",\"rex_effect_convert2img_color\":\"\"},\"rex_effect_mediapath\":{\"rex_effect_mediapath_mediapath\":\"\"},\"rex_effect_negotiator\":{\"rex_effect_negotiator_mediatyp\":\"lip-default-square\"}}', 3, '2023-03-22 10:46:54', 'admin', '2023-08-03 13:49:17', 'admin'),
( 36, 'negotiator', '{\"rex_effect_rounded_corners\":{\"rex_effect_rounded_corners_topleft\":\"\",\"rex_effect_rounded_corners_topright\":\"\",\"rex_effect_rounded_corners_bottomleft\":\"\",\"rex_effect_rounded_corners_bottomright\":\"\"},\"rex_effect_workspace\":{\"rex_effect_workspace_set_transparent\":\"colored\",\"rex_effect_workspace_width\":\"\",\"rex_effect_workspace_height\":\"\",\"rex_effect_workspace_hpos\":\"left\",\"rex_effect_workspace_vpos\":\"top\",\"rex_effect_workspace_padding_x\":\"0\",\"rex_effect_workspace_padding_y\":\"0\",\"rex_effect_workspace_bg_r\":\"\",\"rex_effect_workspace_bg_g\":\"\",\"rex_effect_workspace_bg_b\":\"\",\"rex_effect_workspace_bgimage\":\"\"},\"rex_effect_crop\":{\"rex_effect_crop_width\":\"\",\"rex_effect_crop_height\":\"\",\"rex_effect_crop_offset_width\":\"\",\"rex_effect_crop_offset_height\":\"\",\"rex_effect_crop_hpos\":\"center\",\"rex_effect_crop_vpos\":\"middle\"},\"rex_effect_insert_image\":{\"rex_effect_insert_image_brandimage\":\"\",\"rex_effect_insert_image_hpos\":\"left\",\"rex_effect_insert_image_vpos\":\"top\",\"rex_effect_insert_image_padding_x\":\"-10\",\"rex_effect_insert_image_padding_y\":\"-10\"},\"rex_effect_rotate\":{\"rex_effect_rotate_rotate\":\"0\"},\"rex_effect_filter_colorize\":{\"rex_effect_filter_colorize_filter_r\":\"\",\"rex_effect_filter_colorize_filter_g\":\"\",\"rex_effect_filter_colorize_filter_b\":\"\"},\"rex_effect_image_properties\":{\"rex_effect_image_properties_jpg_quality\":\"\",\"rex_effect_image_properties_png_compression\":\"\",\"rex_effect_image_properties_webp_quality\":\"\",\"rex_effect_image_properties_avif_quality\":\"\",\"rex_effect_image_properties_avif_speed\":\"\",\"rex_effect_image_properties_interlace\":null},\"rex_effect_focuspoint_fit\":{\"rex_effect_focuspoint_fit_meta\":\"med_focuspoint\",\"rex_effect_focuspoint_fit_focus\":\"\",\"rex_effect_focuspoint_fit_width\":\"\",\"rex_effect_focuspoint_fit_height\":\"\",\"rex_effect_focuspoint_fit_zoom\":\"0%\"},\"rex_effect_filter_brightness\":{\"rex_effect_filter_brightness_brightness\":\"\"},\"rex_effect_flip\":{\"rex_effect_flip_flip\":\"X\"},\"rex_effect_image_format\":{\"rex_effect_image_format_convert_to\":\"webp\"},\"rex_effect_filter_contrast\":{\"rex_effect_filter_contrast_contrast\":\"\"},\"rex_effect_filter_sharpen\":{\"rex_effect_filter_sharpen_amount\":\"80\",\"rex_effect_filter_sharpen_radius\":\"0.5\",\"rex_effect_filter_sharpen_threshold\":\"3\"},\"rex_effect_resize\":{\"rex_effect_resize_width\":\"\",\"rex_effect_resize_height\":\"\",\"rex_effect_resize_style\":\"maximum\",\"rex_effect_resize_allow_enlarge\":\"enlarge\"},\"rex_effect_filter_blur\":{\"rex_effect_filter_blur_repeats\":\"10\",\"rex_effect_filter_blur_type\":\"gaussian\",\"rex_effect_filter_blur_smoothit\":\"\"},\"rex_effect_mirror\":{\"rex_effect_mirror_height\":\"\",\"rex_effect_mirror_opacity\":\"100\",\"rex_effect_mirror_set_transparent\":\"colored\",\"rex_effect_mirror_bg_r\":\"\",\"rex_effect_mirror_bg_g\":\"\",\"rex_effect_mirror_bg_b\":\"\"},\"rex_effect_header\":{\"rex_effect_header_download\":\"open_media\",\"rex_effect_header_cache\":\"no_cache\",\"rex_effect_header_filename\":\"filename\",\"rex_effect_header_index\":\"index\"},\"rex_effect_convert2img\":{\"rex_effect_convert2img_convert_to\":\"jpg\",\"rex_effect_convert2img_density\":\"150\",\"rex_effect_convert2img_color\":\"\"},\"rex_effect_mediapath\":{\"rex_effect_mediapath_mediapath\":\"\"},\"rex_effect_negotiator\":{\"rex_effect_negotiator_mediatyp\":\"tinymcewysiwyg\"}}', 2, '2023-03-22 10:47:05', 'admin', '2023-08-03 13:49:24', 'admin'),
( 139, 'focuspoint_fit', '{\"rex_effect_rounded_corners\":{\"rex_effect_rounded_corners_topleft\":\"\",\"rex_effect_rounded_corners_topright\":\"\",\"rex_effect_rounded_corners_bottomleft\":\"\",\"rex_effect_rounded_corners_bottomright\":\"\"},\"rex_effect_workspace\":{\"rex_effect_workspace_set_transparent\":\"colored\",\"rex_effect_workspace_width\":\"\",\"rex_effect_workspace_height\":\"\",\"rex_effect_workspace_hpos\":\"left\",\"rex_effect_workspace_vpos\":\"top\",\"rex_effect_workspace_padding_x\":\"0\",\"rex_effect_workspace_padding_y\":\"0\",\"rex_effect_workspace_bg_r\":\"\",\"rex_effect_workspace_bg_g\":\"\",\"rex_effect_workspace_bg_b\":\"\",\"rex_effect_workspace_bgimage\":\"\"},\"rex_effect_crop\":{\"rex_effect_crop_width\":\"\",\"rex_effect_crop_height\":\"\",\"rex_effect_crop_offset_width\":\"\",\"rex_effect_crop_offset_height\":\"\",\"rex_effect_crop_hpos\":\"center\",\"rex_effect_crop_vpos\":\"middle\"},\"rex_effect_insert_image\":{\"rex_effect_insert_image_brandimage\":\"\",\"rex_effect_insert_image_hpos\":\"left\",\"rex_effect_insert_image_vpos\":\"top\",\"rex_effect_insert_image_padding_x\":\"-10\",\"rex_effect_insert_image_padding_y\":\"-10\"},\"rex_effect_rotate\":{\"rex_effect_rotate_rotate\":\"0\"},\"rex_effect_filter_colorize\":{\"rex_effect_filter_colorize_filter_r\":\"\",\"rex_effect_filter_colorize_filter_g\":\"\",\"rex_effect_filter_colorize_filter_b\":\"\"},\"rex_effect_image_properties\":{\"rex_effect_image_properties_jpg_quality\":\"\",\"rex_effect_image_properties_png_compression\":\"\",\"rex_effect_image_properties_webp_quality\":\"\",\"rex_effect_image_properties_avif_quality\":\"\",\"rex_effect_image_properties_avif_speed\":\"\",\"rex_effect_image_properties_interlace\":null},\"rex_effect_focuspoint_fit\":{\"rex_effect_focuspoint_fit_meta\":\"med_focuspoint\",\"rex_effect_focuspoint_fit_focus\":\"50.0,50.0\",\"rex_effect_focuspoint_fit_width\":\"2000\",\"rex_effect_focuspoint_fit_height\":\"\",\"rex_effect_focuspoint_fit_zoom\":\"100%\"},\"rex_effect_filter_brightness\":{\"rex_effect_filter_brightness_brightness\":\"\"},\"rex_effect_flip\":{\"rex_effect_flip_flip\":\"X\"},\"rex_effect_image_format\":{\"rex_effect_image_format_convert_to\":\"webp\"},\"rex_effect_filter_contrast\":{\"rex_effect_filter_contrast_contrast\":\"\"},\"rex_effect_filter_sharpen\":{\"rex_effect_filter_sharpen_amount\":\"80\",\"rex_effect_filter_sharpen_radius\":\"0.5\",\"rex_effect_filter_sharpen_threshold\":\"3\"},\"rex_effect_resize\":{\"rex_effect_resize_width\":\"\",\"rex_effect_resize_height\":\"\",\"rex_effect_resize_style\":\"maximum\",\"rex_effect_resize_allow_enlarge\":\"enlarge\"},\"rex_effect_filter_blur\":{\"rex_effect_filter_blur_repeats\":\"10\",\"rex_effect_filter_blur_type\":\"gaussian\",\"rex_effect_filter_blur_smoothit\":\"\"},\"rex_effect_mirror\":{\"rex_effect_mirror_height\":\"\",\"rex_effect_mirror_opacity\":\"100\",\"rex_effect_mirror_set_transparent\":\"colored\",\"rex_effect_mirror_bg_r\":\"\",\"rex_effect_mirror_bg_g\":\"\",\"rex_effect_mirror_bg_b\":\"\"},\"rex_effect_header\":{\"rex_effect_header_download\":\"open_media\",\"rex_effect_header_cache\":\"no_cache\",\"rex_effect_header_filename\":\"filename\",\"rex_effect_header_index\":\"index\"},\"rex_effect_convert2img\":{\"rex_effect_convert2img_convert_to\":\"jpg\",\"rex_effect_convert2img_density\":\"150\",\"rex_effect_convert2img_color\":\"\"},\"rex_effect_mediapath\":{\"rex_effect_mediapath_mediapath\":\"\"}}', 1, '2023-03-23 17:41:16', 'admin', '2023-03-23 17:41:57', 'admin');
INSERT INTO `rex_media_manager_type_effect` (`type_id`, `effect`, `parameters`, `priority`, `createdate`, `createuser`, `updatedate`, `updateuser`) VALUES
( 139, 'negotiator', '{\"rex_effect_rounded_corners\":{\"rex_effect_rounded_corners_topleft\":\"\",\"rex_effect_rounded_corners_topright\":\"\",\"rex_effect_rounded_corners_bottomleft\":\"\",\"rex_effect_rounded_corners_bottomright\":\"\"},\"rex_effect_workspace\":{\"rex_effect_workspace_set_transparent\":\"colored\",\"rex_effect_workspace_width\":\"\",\"rex_effect_workspace_height\":\"\",\"rex_effect_workspace_hpos\":\"left\",\"rex_effect_workspace_vpos\":\"top\",\"rex_effect_workspace_padding_x\":\"0\",\"rex_effect_workspace_padding_y\":\"0\",\"rex_effect_workspace_bg_r\":\"\",\"rex_effect_workspace_bg_g\":\"\",\"rex_effect_workspace_bg_b\":\"\",\"rex_effect_workspace_bgimage\":\"\"},\"rex_effect_crop\":{\"rex_effect_crop_width\":\"\",\"rex_effect_crop_height\":\"\",\"rex_effect_crop_offset_width\":\"\",\"rex_effect_crop_offset_height\":\"\",\"rex_effect_crop_hpos\":\"center\",\"rex_effect_crop_vpos\":\"middle\"},\"rex_effect_insert_image\":{\"rex_effect_insert_image_brandimage\":\"\",\"rex_effect_insert_image_hpos\":\"left\",\"rex_effect_insert_image_vpos\":\"top\",\"rex_effect_insert_image_padding_x\":\"-10\",\"rex_effect_insert_image_padding_y\":\"-10\"},\"rex_effect_rotate\":{\"rex_effect_rotate_rotate\":\"0\"},\"rex_effect_filter_colorize\":{\"rex_effect_filter_colorize_filter_r\":\"\",\"rex_effect_filter_colorize_filter_g\":\"\",\"rex_effect_filter_colorize_filter_b\":\"\"},\"rex_effect_image_properties\":{\"rex_effect_image_properties_jpg_quality\":\"\",\"rex_effect_image_properties_png_compression\":\"\",\"rex_effect_image_properties_webp_quality\":\"\",\"rex_effect_image_properties_avif_quality\":\"\",\"rex_effect_image_properties_avif_speed\":\"\",\"rex_effect_image_properties_interlace\":null},\"rex_effect_focuspoint_fit\":{\"rex_effect_focuspoint_fit_meta\":\"med_focuspoint\",\"rex_effect_focuspoint_fit_focus\":\"\",\"rex_effect_focuspoint_fit_width\":\"\",\"rex_effect_focuspoint_fit_height\":\"\",\"rex_effect_focuspoint_fit_zoom\":\"0%\"},\"rex_effect_filter_brightness\":{\"rex_effect_filter_brightness_brightness\":\"\"},\"rex_effect_flip\":{\"rex_effect_flip_flip\":\"X\"},\"rex_effect_image_format\":{\"rex_effect_image_format_convert_to\":\"webp\"},\"rex_effect_filter_contrast\":{\"rex_effect_filter_contrast_contrast\":\"\"},\"rex_effect_filter_sharpen\":{\"rex_effect_filter_sharpen_amount\":\"80\",\"rex_effect_filter_sharpen_radius\":\"0.5\",\"rex_effect_filter_sharpen_threshold\":\"3\"},\"rex_effect_resize\":{\"rex_effect_resize_width\":\"\",\"rex_effect_resize_height\":\"\",\"rex_effect_resize_style\":\"maximum\",\"rex_effect_resize_allow_enlarge\":\"enlarge\"},\"rex_effect_filter_blur\":{\"rex_effect_filter_blur_repeats\":\"10\",\"rex_effect_filter_blur_type\":\"gaussian\",\"rex_effect_filter_blur_smoothit\":\"\"},\"rex_effect_mirror\":{\"rex_effect_mirror_height\":\"\",\"rex_effect_mirror_opacity\":\"100\",\"rex_effect_mirror_set_transparent\":\"colored\",\"rex_effect_mirror_bg_r\":\"\",\"rex_effect_mirror_bg_g\":\"\",\"rex_effect_mirror_bg_b\":\"\"},\"rex_effect_header\":{\"rex_effect_header_download\":\"open_media\",\"rex_effect_header_cache\":\"no_cache\",\"rex_effect_header_filename\":\"filename\",\"rex_effect_header_index\":\"index\"},\"rex_effect_convert2img\":{\"rex_effect_convert2img_convert_to\":\"jpg\",\"rex_effect_convert2img_density\":\"150\",\"rex_effect_convert2img_color\":\"\"},\"rex_effect_mediapath\":{\"rex_effect_mediapath_mediapath\":\"\"},\"rex_effect_negotiator\":{\"rex_effect_negotiator_mediatyp\":\"default-xxxl\"}}', 2, '2023-03-23 17:41:16', 'admin', '2023-08-03 13:49:00', 'admin'),
( 140, 'focuspoint_fit', '{\"rex_effect_rounded_corners\":{\"rex_effect_rounded_corners_topleft\":\"\",\"rex_effect_rounded_corners_topright\":\"\",\"rex_effect_rounded_corners_bottomleft\":\"\",\"rex_effect_rounded_corners_bottomright\":\"\"},\"rex_effect_workspace\":{\"rex_effect_workspace_set_transparent\":\"colored\",\"rex_effect_workspace_width\":\"\",\"rex_effect_workspace_height\":\"\",\"rex_effect_workspace_hpos\":\"left\",\"rex_effect_workspace_vpos\":\"top\",\"rex_effect_workspace_padding_x\":\"0\",\"rex_effect_workspace_padding_y\":\"0\",\"rex_effect_workspace_bg_r\":\"\",\"rex_effect_workspace_bg_g\":\"\",\"rex_effect_workspace_bg_b\":\"\",\"rex_effect_workspace_bgimage\":\"\"},\"rex_effect_crop\":{\"rex_effect_crop_width\":\"\",\"rex_effect_crop_height\":\"\",\"rex_effect_crop_offset_width\":\"\",\"rex_effect_crop_offset_height\":\"\",\"rex_effect_crop_hpos\":\"center\",\"rex_effect_crop_vpos\":\"middle\"},\"rex_effect_insert_image\":{\"rex_effect_insert_image_brandimage\":\"\",\"rex_effect_insert_image_hpos\":\"left\",\"rex_effect_insert_image_vpos\":\"top\",\"rex_effect_insert_image_padding_x\":\"-10\",\"rex_effect_insert_image_padding_y\":\"-10\"},\"rex_effect_rotate\":{\"rex_effect_rotate_rotate\":\"0\"},\"rex_effect_filter_colorize\":{\"rex_effect_filter_colorize_filter_r\":\"\",\"rex_effect_filter_colorize_filter_g\":\"\",\"rex_effect_filter_colorize_filter_b\":\"\"},\"rex_effect_image_properties\":{\"rex_effect_image_properties_jpg_quality\":\"\",\"rex_effect_image_properties_png_compression\":\"\",\"rex_effect_image_properties_webp_quality\":\"\",\"rex_effect_image_properties_avif_quality\":\"\",\"rex_effect_image_properties_avif_speed\":\"\",\"rex_effect_image_properties_interlace\":null},\"rex_effect_focuspoint_fit\":{\"rex_effect_focuspoint_fit_meta\":\"med_focuspoint\",\"rex_effect_focuspoint_fit_focus\":\"50.0,50.0\",\"rex_effect_focuspoint_fit_width\":\"2500\",\"rex_effect_focuspoint_fit_height\":\"\",\"rex_effect_focuspoint_fit_zoom\":\"100%\"},\"rex_effect_filter_brightness\":{\"rex_effect_filter_brightness_brightness\":\"\"},\"rex_effect_flip\":{\"rex_effect_flip_flip\":\"X\"},\"rex_effect_image_format\":{\"rex_effect_image_format_convert_to\":\"webp\"},\"rex_effect_filter_contrast\":{\"rex_effect_filter_contrast_contrast\":\"\"},\"rex_effect_filter_sharpen\":{\"rex_effect_filter_sharpen_amount\":\"80\",\"rex_effect_filter_sharpen_radius\":\"0.5\",\"rex_effect_filter_sharpen_threshold\":\"3\"},\"rex_effect_resize\":{\"rex_effect_resize_width\":\"\",\"rex_effect_resize_height\":\"\",\"rex_effect_resize_style\":\"maximum\",\"rex_effect_resize_allow_enlarge\":\"enlarge\"},\"rex_effect_filter_blur\":{\"rex_effect_filter_blur_repeats\":\"10\",\"rex_effect_filter_blur_type\":\"gaussian\",\"rex_effect_filter_blur_smoothit\":\"\"},\"rex_effect_mirror\":{\"rex_effect_mirror_height\":\"\",\"rex_effect_mirror_opacity\":\"100\",\"rex_effect_mirror_set_transparent\":\"colored\",\"rex_effect_mirror_bg_r\":\"\",\"rex_effect_mirror_bg_g\":\"\",\"rex_effect_mirror_bg_b\":\"\"},\"rex_effect_header\":{\"rex_effect_header_download\":\"open_media\",\"rex_effect_header_cache\":\"no_cache\",\"rex_effect_header_filename\":\"filename\",\"rex_effect_header_index\":\"index\"},\"rex_effect_convert2img\":{\"rex_effect_convert2img_convert_to\":\"jpg\",\"rex_effect_convert2img_density\":\"150\",\"rex_effect_convert2img_color\":\"\"},\"rex_effect_mediapath\":{\"rex_effect_mediapath_mediapath\":\"\"}}', 1, '2023-03-23 17:42:03', 'admin', '2023-03-23 17:42:43', 'admin'),
( 140, 'negotiator', '{\"rex_effect_rounded_corners\":{\"rex_effect_rounded_corners_topleft\":\"\",\"rex_effect_rounded_corners_topright\":\"\",\"rex_effect_rounded_corners_bottomleft\":\"\",\"rex_effect_rounded_corners_bottomright\":\"\"},\"rex_effect_workspace\":{\"rex_effect_workspace_set_transparent\":\"colored\",\"rex_effect_workspace_width\":\"\",\"rex_effect_workspace_height\":\"\",\"rex_effect_workspace_hpos\":\"left\",\"rex_effect_workspace_vpos\":\"top\",\"rex_effect_workspace_padding_x\":\"0\",\"rex_effect_workspace_padding_y\":\"0\",\"rex_effect_workspace_bg_r\":\"\",\"rex_effect_workspace_bg_g\":\"\",\"rex_effect_workspace_bg_b\":\"\",\"rex_effect_workspace_bgimage\":\"\"},\"rex_effect_crop\":{\"rex_effect_crop_width\":\"\",\"rex_effect_crop_height\":\"\",\"rex_effect_crop_offset_width\":\"\",\"rex_effect_crop_offset_height\":\"\",\"rex_effect_crop_hpos\":\"center\",\"rex_effect_crop_vpos\":\"middle\"},\"rex_effect_insert_image\":{\"rex_effect_insert_image_brandimage\":\"\",\"rex_effect_insert_image_hpos\":\"left\",\"rex_effect_insert_image_vpos\":\"top\",\"rex_effect_insert_image_padding_x\":\"-10\",\"rex_effect_insert_image_padding_y\":\"-10\"},\"rex_effect_rotate\":{\"rex_effect_rotate_rotate\":\"0\"},\"rex_effect_filter_colorize\":{\"rex_effect_filter_colorize_filter_r\":\"\",\"rex_effect_filter_colorize_filter_g\":\"\",\"rex_effect_filter_colorize_filter_b\":\"\"},\"rex_effect_image_properties\":{\"rex_effect_image_properties_jpg_quality\":\"\",\"rex_effect_image_properties_png_compression\":\"\",\"rex_effect_image_properties_webp_quality\":\"\",\"rex_effect_image_properties_avif_quality\":\"\",\"rex_effect_image_properties_avif_speed\":\"\",\"rex_effect_image_properties_interlace\":null},\"rex_effect_focuspoint_fit\":{\"rex_effect_focuspoint_fit_meta\":\"med_focuspoint\",\"rex_effect_focuspoint_fit_focus\":\"\",\"rex_effect_focuspoint_fit_width\":\"\",\"rex_effect_focuspoint_fit_height\":\"\",\"rex_effect_focuspoint_fit_zoom\":\"0%\"},\"rex_effect_filter_brightness\":{\"rex_effect_filter_brightness_brightness\":\"\"},\"rex_effect_flip\":{\"rex_effect_flip_flip\":\"X\"},\"rex_effect_image_format\":{\"rex_effect_image_format_convert_to\":\"webp\"},\"rex_effect_filter_contrast\":{\"rex_effect_filter_contrast_contrast\":\"\"},\"rex_effect_filter_sharpen\":{\"rex_effect_filter_sharpen_amount\":\"80\",\"rex_effect_filter_sharpen_radius\":\"0.5\",\"rex_effect_filter_sharpen_threshold\":\"3\"},\"rex_effect_resize\":{\"rex_effect_resize_width\":\"\",\"rex_effect_resize_height\":\"\",\"rex_effect_resize_style\":\"maximum\",\"rex_effect_resize_allow_enlarge\":\"enlarge\"},\"rex_effect_filter_blur\":{\"rex_effect_filter_blur_repeats\":\"10\",\"rex_effect_filter_blur_type\":\"gaussian\",\"rex_effect_filter_blur_smoothit\":\"\"},\"rex_effect_mirror\":{\"rex_effect_mirror_height\":\"\",\"rex_effect_mirror_opacity\":\"100\",\"rex_effect_mirror_set_transparent\":\"colored\",\"rex_effect_mirror_bg_r\":\"\",\"rex_effect_mirror_bg_g\":\"\",\"rex_effect_mirror_bg_b\":\"\"},\"rex_effect_header\":{\"rex_effect_header_download\":\"open_media\",\"rex_effect_header_cache\":\"no_cache\",\"rex_effect_header_filename\":\"filename\",\"rex_effect_header_index\":\"index\"},\"rex_effect_convert2img\":{\"rex_effect_convert2img_convert_to\":\"jpg\",\"rex_effect_convert2img_density\":\"150\",\"rex_effect_convert2img_color\":\"\"},\"rex_effect_mediapath\":{\"rex_effect_mediapath_mediapath\":\"\"},\"rex_effect_negotiator\":{\"rex_effect_negotiator_mediatyp\":\"default-xxxxl\"}}', 2, '2023-03-23 17:42:03', 'admin', '2023-08-03 13:49:02', 'admin');

-- --------------------------------------------------------

--
-- Daten für Tabelle `rex_media_manager_type_group`
--

INSERT INTO `rex_media_manager_type_group` (`id`, `name`, `description`, `fallback_id`) VALUES
(1, 'default', 'Standard', 'default'),
(2, 'default-crop', 'Standard begeschnitten', 'default-c'),
(3, 'default-square', 'Standard quadratisch beschnitten', 'default-sq');

-- --------------------------------------------------------

--
-- Daten für Tabelle `rex_media_manager_type_meta`
--

INSERT INTO `rex_media_manager_type_meta` (`id`, `group_id`, `type`, `ratio`, `min_width`, `max_width`, `prio`) VALUES
(1, '1', 'default-xxl', '1x', '1559px', '', 3),
(2, '1', 'default-xl', '1x', '1163px', '', 4),
(3, '1', 'default-l', '1x', '767px', '', 5),
(4, '1', 'default-m', '1x', '569px', '', 6),
(5, '1', 'default', '1x', '480px', '', 7),
(6, '1', 'default-s', '1x', '371px', '', 8),
(7, '1', 'default-xs', '1x', '272px', '', 9),
(8, '2', 'default-xxl-c', '1x', '1559px', '', 1),
(9, '2', 'default-xl-c', '1x', '1163px', '', 2),
(10, '2', 'default-l-c', '1x', '767px', '', 3),
(11, '2', 'default-m-c', '1x', '569px', '', 4),
(12, '2', 'default-c', '1x', '480px', '', 5),
(13, '2', 'default-s-c', '1x', '371px', '', 6),
(14, '2', 'default-xs-c', '1x', '272px', '', 7),
(15, '3', 'default-xxl-sq', '1x', '1559px', '', 1),
(16, '3', 'default-xl-sq', '1x', '1163px', '', 2),
(17, '3', 'default-l-sq', '1x', '767px', '', 3),
(18, '3', 'default-m-sq', '1x', '569px', '', 4),
(19, '3', 'default-sq', '1x', '480px', '', 5),
(20, '3', 'default-s-sq', '1x', '371px', '', 6),
(21, '3', 'default-xs-sq', '1x', '272px', '', 7),
(22, '1', 'default-xxxxl', '1x', '2499px', '', 1),
(23, '1', 'default-xxxl', '1x', '1999px', '', 2);

-- --------------------------------------------------------


--
-- Daten für Tabelle `rex_module`
--

INSERT INTO `rex_module` (`key`, `name`, `output`, `input`, `createdate`, `createuser`, `updatedate`, `updateuser`, `attributes`, `revision`) VALUES
(NULL, '* 99 - Weiterleitung zu Kindartikel', '<?php\nif(!rex::isBackend()) {\n    $cat = rex_article::get($this->getValue(\"id\"))->getCategory();\n    if($cat) {\n        $children = $cat->getChildren();\n        if(count($children)>=1){\n            $kid = $children[0];\n            rex_response::setStatus(rex_response::HTTP_MOVED_PERMANENTLY);\n            rex_response::sendRedirect(rex_getUrl($kid->getId()));\n        }\n    }\n}\n?>', '', '2016-08-22 17:23:05', '16massif', '2023-11-30 14:08:52', 'console', NULL, 0),
(NULL, '* 99 - Weiterleitung (intern/extern)', '<?php\nif(!rex::isBackend()) {\n    if(\"REX_LINK[1]\") {\n        rex_response::setStatus(rex_response::HTTP_MOVED_PERMANENTLY);\n        rex_response::sendRedirect(rex_getUrl(\"REX_LINK[1]\"));\n    } else if(\"REX_VALUE[id=1]\"){\n        rex_response::sendRedirect(\"REX_VALUE[id=1]\");\n    }\n} else {\n    $link = (\"REX_LINK[1]\") ? rex_getUrl(\"REX_LINK[1]\") : \"REX_VALUE[id=1]\";\n    echo \'<p>Weiterleitung zu <b>\'.$link.\'</b></p>\';\n}\n?>', '<?php\n\n// this modul input example use the mform addon\n\n// base ID\n$id = 1;\n\n// init mform\n$mform = new MForm();\n\n$mform->addFieldsetArea(\'intern\');\n\n$mform->addLinkField(1, array(\'label\' => \'Interner-Link\')); // use string for x.0 json values\n\n$mform->addFieldsetArea(\'extern\');\n\n$mform->addTextField(1, array(\'label\' => \'Externer-Link\')); // use string for x.0 json values\n\necho $mform->show();\n', '2016-08-22 17:23:05', '16massif', '2023-11-30 14:08:52', 'console', NULL, 0),
(NULL, '* 00 - Text-Block', '<div class=\"page-margin row-padding grid grid-tablet-ls\">\n    <div class=\"col-8 col-start-1-tablet-ls\">\n        <h2>REX_VALUE[1]</h2>\n        REX_VALUE[2 output=html]\n\n    </div>\n</div>', '<?php\n\n$mformWrap = new MForm();\n$mformWrap->addTextareaField(1, [\'label\' => \'Title\'])->setAttribute(\"rows\", 2)->setAttribute(\"style\", \"font-size: 2em; line-height: 1;\");\n$mformWrap->addTextareaField(2, [\'label\' => \'Text\'])->setAttribute(\"rows\", 3)->setAttribute(\"class\", \"tiny5-editor\")->setAttribute(\"data-profile\", \"massif\");\n\necho $mformWrap->show();\n', '2021-06-25 13:30:54', 'admin', '2023-12-06 18:39:33', 'admin', NULL, 0),
(NULL, '* 35 - Kontaktformular', '<?php\n\n\n$tag = \'h1\';\nif (rex::getProperty(\'has-text-block\')) {\n    $tag = \'h3\';\n}\n\nrex::setProperty(\'has-text-block\', true);\n?>\n\n<div class=\"page-margin row-padding row-prose\">\n\n    <div class=\"wrap\">\n        <?php if (\'REX_VALUE[1]\') { ?><h1>REX_VALUE[1]</h1><?php } ?>\n        <div class=\"contact-grid\">\n            <div class=\"contact-grid__address\">\n                REX_VALUE[2 output=html]\n            </div>\n            <div class=\"contact-grid__form\">\n                <h3>Anfrageformular</h3>\n                <?php\n                echo massif_utils::parse(\'form-general\', $this, [\'response\' => \'REX_VALUE[4 output=html]\']);\n                ?>\n            </div>\n        </div>\n    </div>\n\n</div>', '<?php\n\n\n$mformWrap = new MForm();\n\n\n$mformWrap->addTextareaField(1, [\'label\' => \'Titel\'])->setAttribute(\"rows\", 3);\n$mformWrap->addTextareaField(2, [\'label\' => \'Text\'])->setAttribute(\"rows\", 8)->setAttribute(\"class\", \"tiny5-editor\")->setAttribute(\"data-profile\", \"massif\");\n$mformWrap->addTextareaField(3, [\'label\' => \'Formular-Code Tally\'])->setAttribute(\"rows\", 10);\n$mformWrap->addTextareaField(4, [\'label\' => \'Text nach Versand\'])->setAttribute(\"rows\", 8)->setAttribute(\"class\", \"tiny5-editor\")->setAttribute(\"data-profile\", \"massif\");\n\necho $mformWrap->show();\n\n?>\n<?= massif_utils::getModuleInJsCss() ?>\n', '2022-04-28 18:15:53', 'admin', '2023-11-30 14:08:52', 'console', NULL, 0),
(NULL, '* 05 - Swiper', '<?php\nrex::setProperty(\'has-visual\', true);\n\n$slides = explode(\',\', \'REX_MEDIALIST[1]\');\nshuffle($slides);\n$slides = array_slice($slides, 0, 7);\n$swiperHtml = [];\nforeach ($slides as $idx => $slide) {\n    $content = [];\n    $content[] = massif_img::get($slide);\n    $swiperHtml[] = massif_utils::parse(\'swiper-slide\', null, [\'idx\' => $idx, \'content\' => implode(\"\\n\", $content)]);\n}\n\n?>\n\n<div class=\"row-swiper def-swiper<?php if (\'REX_VALUE[10]\') echo \' swiper-small\'; ?><?php if (\'REX_VALUE[11]\') echo \' row-grid page-margin row-padding\'; ?>\">\n    <?php\n    echo massif_img::getSwiper([\'content\' => implode(\"\\n\", $swiperHtml), \'controls\' => false, \'dir-nav\' => false, \'pager\' => false]);\n    ?>\n</div>', '<?php\n\n$mformWrap = new MForm();\n$mformWrap->addImageListField(1, array(\'label\' => \'Bilder\'));\n$mformWrap->addCheckboxField(10, array(\'label\' => \'Schmale Darstellung\'));\n// $mformWrap->addCheckboxField(11, array(\'label\' => \'Im Raster anzeigen?\'));\n\n// $mformWrap->addTextField(1, array(\'label\' => \'Spitzmarke\'));\n\n// \n\n// \n/*\n$id = 1;\n$mform = new MForm();\n$mform->addMediaField(1, array(\'label\' => \'Bild\'));\n$mform->addTextareaField(\"$id.0.title\", array(\'label\' => \'Titel\'))->setAttribute(\"rows\", 2);\n$mform->addTextareaField(\"$id.0.body\", array(\'label\' => \'Text\'))->setAttribute(\"rows\", 4)->setAttribute(\"class\", \"tinyMCEEditor-massif\");\n$mform->addHtml(\'<div class=\"flexed col-2\">\');\n$ylink = [[\'name\' => \'Film\', \'table\' => \'rex_yf_film\', \'column\' => \'title_original\']];\n$mform->addCustomLinkField(\"$id.0.link\", array(\'label\' => \'Button-Link\', \'ylink\' => $ylink));\n$mform->addTextField(\"$id.0.btnlabel\", array(\'label\' => \'Button-Text\'));\n$mform->addHtml(\'</div>\');\n\n$mformWrap->addHtml(MBlock::show($id, $mform->show(), array(\'min\' => 1)));\n*/\n/*\n$mformWrap->addSelectField(5, [0 => \'Mitte\', \'top\' => \'oben\', \'bottom\' => \'unten\'], array(\'label\' => \'Bild-Ausrichtung\'));\n$mformWrap->addHtml(\'<div class=\"alert alert-info\">Vertikale Bildausrichtung</div>\');\n*/\n\necho $mformWrap->show();\n', '2022-07-25 18:13:23', 'admin', '2023-11-30 14:08:52', 'console', NULL, 0),
(NULL, '* 23 - Team', '<?php\n\n$team = rex_yform_manager_table::get(\'rex_yf_team\')->query()->where(\'status\', 1)->find();\n\n?>\n<section class=\"page-margin row-team-members\">\n    <div class=\"grid grid-tablet-ls\">\n        <div class=\"col-8 col-start-1-tablet-ls\">\n            <h2>REX_VALUE[1]</h2>\n        </div>\n    </div>\n    <div class=\"team-members accordion\">\n        <?php foreach ($team as $key => $d) :\n            $idx = $key + 1; ?>\n            <div id=\"team-<?= $d->getId() ?>\" class=\"team-member accordion-item\">\n                <div class=\"bg-color-soft grid grid-tablet-ls accordion-header\" data-expand=\"team-<?= $d->getId() ?>\">\n                    <div class=\"col-11 col-start-1-tablet-ls col-desc\">\n                        <div class=\"team__info\">\n                            <div class=\"team__name\"><b><?= $d->getValue(\'name\') ?></b></div>\n                            <?php if ($d->getValue(\'role\')) echo \'<div class=\"team__role\">\' . $d->getValue(\'role\') . \'</div>\'; ?>\n                            <?php if ($d->getValue(\'email\')) echo \'<div class=\"team__email\"><a href=\"mailto:\' . $d->getValue(\'email\') . \'\">\' . $d->getValue(\'email\') . \'</a></div>\'; ?>\n                        </div>\n                        <?php if (rex::isFrontend()) { ?>\n                            <i class=\"icon\">\n                                <?= rex_file::get(theme_path::assets(\'img/ico-chevron-down.svg\')) ?>\n                            </i>\n                        <?php } ?>\n                    </div>\n                </div>\n                <?php if (rex::isFrontend()) { ?>\n                    <div class=\"accordion-body\" data-expand-id=\"team-<?= $d->getId() ?>\" hidden=\"true\">\n                        <div class=\"team__detail grid grid-tablet-ls\">\n                            <div class=\"col-8 col-start-1-tablet-ls\">\n                                <?= $d->getValue(\'description\') ?>\n                            </div>\n                        </div>\n                    </div>\n                <?php } ?>\n            </div>\n        <?php endforeach; ?>\n    </div>\n\n</section>', '<?php\n\n$mformWrap = new MForm();\n$mformWrap->addTextareaField(1, [\'label\' => \'Title\'])->setAttribute(\"rows\", 2)->setAttribute(\"style\", \"font-size: 2em; line-height: 1;\");\n// $mformWrap->addTextareaField(2, [\'label\' => \'Text\'])->setAttribute(\"rows\", 3)->setAttribute(\"class\", \"tiny5-editor\")->setAttribute(\"data-profile\", \"massif\");\n\n$mformWrap->addHtml(\'<div class=\"alert alert-info\">Please edit Board members in <a href=\"\' . rex_url::backendPage(\'yform/manager/data_edit&table_name=rex_yf_team\') . \'\">table «Team»</a>!</div>\');\n\necho $mformWrap->show();\n', '2023-03-28 15:33:43', 'admin', '2023-12-08 11:40:04', 'console', NULL, 0);


--
-- Daten für Tabelle `rex_template`
--

SET NAMES utf8mb4;

DELETE FROM `rex_template`;

INSERT INTO `rex_template` (`id`, `key`, `name`, `content`, `active`, `createdate`, `createuser`, `updatedate`, `updateuser`, `attributes`, `revision`) VALUES
(1,	'default',	'* Default',	'REX_TEMPLATE[key=\"config\"]\r\n\r\nREX_TEMPLATE[key=\"html-head\"]\r\n\r\n<body class=\"<?= $pageClass ?> bg-slate-600 font-roboto\">\r\n\r\n	REX_TEMPLATE[key=\"header\"]\r\n\r\n	<div class=\"content-wrap mt-5\">\r\n		<main role=\"main\" class=\"content content-main\" id=\"content\" data-sp=\"<?= rex_getUrl(rex_article::getSiteStartArticleId()); ?>\" data-lang-code=\"<?= rex_clang::getCurrent()->getCode() ?>\" data-logo-href=\"<?= rex_getUrl(rex_article::getSiteStartArticleId()) ?>\">\r\n			<?php\r\n			$articleContent = $this->getArticle(1);\r\n			echo $articleContent;\r\n			?>\r\n		</main>\r\n	</div>\r\n\r\n	REX_TEMPLATE[key=\"footer\"]\r\n\r\n	REX_TEMPLATE[key=\"html-scripts\"]\r\n\r\n</body>\r\n<?php if (!rex::getProperty(\'req-with\')) echo \'</html>\'; ?>',	1,	'2024-01-09 16:13:37',	'admin',	'2024-01-09 17:16:10',	'admin',	'{\"ctype\":[],\"modules\":{\"1\":{\"all\":\"1\"}},\"categories\":{\"all\":\"1\"}}',	0),
(2,	'html-scripts',	'04 - HTML Scripts',	'<script>\r\n  window.lazySizesConfig = window.lazySizesConfig || {};\r\n  const app = {\r\n    lang: {\r\n      \'code\': \'<?= rex_clang::getCurrent()->getValue(\'code\') ?>\',\r\n      \'weiterlesen\': \"{{mehr}}\",\r\n      \'keineTreffer\': \"{{keine Suchtreffer}}\"\r\n    }\r\n  };\r\n</script>\r\n<?php\r\nif (defined(\'IS_VITE_DEVELOPMENT\') && IS_VITE_DEVELOPMENT === true) {\r\n  echo \'<script type=\"module\" crossorigin src=\"\' . VITE_SERVER . VITE_ENTRY_POINT . \'\"></script>\';\r\n} else {\r\n  $manifest = rex_file::get(VITE_MANIFEST);\r\n  $manifestArray = json_decode($manifest, true);\r\n  if (is_array($manifestArray)) {\r\n    if (isset($manifestArray[\'main.js\'])) {\r\n      $mainJs = $manifestArray[\'main.js\'];\r\n      // enqueue CSS files\r\n      foreach (@$mainJs[\'css\'] as $css_file) {\r\n        echo \'<link rel=\"stylesheet\" href=\"\' . DIST_URI . \'/\' . $css_file . \'\">\';\r\n      }\r\n      // enqueue main JS file\r\n      $js_file = @$mainJs[\'file\'];\r\n      if (!empty($js_file)) {\r\n        echo \'<script type=\"module\" crossorigin src=\"\' . DIST_URI  . \'/\' . $js_file . \'\"></script>\';\r\n      }\r\n    }\r\n  }\r\n}\r\n',	0,	'2024-01-09 16:15:15',	'admin',	'2024-01-10 14:02:02',	'admin',	'{\"ctype\":[],\"modules\":{\"1\":{\"all\":\"1\"}},\"categories\":{\"all\":\"1\"}}',	0),
(3,	'config',	'01 - Config',	'<?php\r\n\r\nheader(\'Content-Type: text/html; charset=utf-8\');\r\nrex::setProperty(\'req-with\', isset($_SERVER[\'HTTP_X_REQUESTED_WITH\']) && $_SERVER[\'HTTP_X_REQUESTED_WITH\'] && $_SERVER[\'HTTP_X_REQUESTED_WITH\'] == \'swup\');\r\n\r\nrequire rex_path::base() . \'inc.vite.php\';\r\n\r\n/*\r\n	*	config\r\n	*/\r\n\r\n// get current language and locale\r\n$lang = rex_clang::getCurrent();\r\n$langLocale = $lang->getValue(\'locale\');\r\n\r\n$isMobileOrTablet = \' browser-is-\' . rex_string::normalize(useragent::getBrowser());\r\n\r\nif (useragent::isTablet()) {\r\n	$isMobileOrTablet .= \' is-tablet\';\r\n} else if (useragent::isMobile()) {\r\n	$isMobileOrTablet .= \' is-mobile\';\r\n}\r\nif (useragent::isBrowserEdge()) {\r\n	$isMobileOrTablet .= \' is-edge\';\r\n}\r\nif (useragent::isBrowserInternetExplorer()) {\r\n	$isMobileOrTablet .= \' is-ie\';\r\n}\r\n\r\n// get current path route (category-id depth)\r\n$pathRoute = massif_utils::getPathRoute();\r\n$pageClass = \'page-id-\' . rex_article::getCurrentId();\r\n$pageClass .= \' page-pid-\' . $pathRoute[0];\r\n\r\n$currentArticle = rex_article::getCurrent();\r\n$tmplId = $currentArticle->getTemplateId();\r\n$pageClass .= \' tmpl-id-\' . $tmplId;\r\n\r\n$manager = Url\\Url::resolveCurrent();\r\nif ($manager) {\r\n	$urlManagerData = [];\r\n	$urlManagerData[\'data-url\'] = $manager->getUrl()->getPath();\r\n	$urlManagerData[\'data-id\'] = $manager->getDatasetId();\r\n	if ($profile = $manager->getProfile()) {\r\n		$urlManagerData[\'profile-id\'] = $profile->getId();\r\n		$urlManagerData[\'profile-ns\'] = $profile->getNamespace();\r\n		$pageClass .= \' addon-page addon-\' . $profile->getNamespace();\r\n		if ($manager->isUserPath()) {\r\n			$segments = $manager->getUrl()->getSegments();\r\n			foreach ($profile->getUserPaths() as $value => $label) {\r\n				if (in_array($value, $segments)) {\r\n					$urlManagerData[\'user-path\'] = $label;\r\n				}\r\n			}\r\n		}\r\n	}\r\n	rex::setProperty(\'url-manager-data\', $urlManagerData);\r\n}\r\n$pageClass .= (massif_utils::isStartPage()) ? \' home-page\' : \' content-page\';\r\n',	0,	'2024-01-09 16:11:00',	'admin',	'2024-01-09 22:36:16',	'admin',	'{\"ctype\":[],\"modules\":{\"1\":{\"all\":\"1\"}},\"categories\":{\"all\":\"1\"}}',	0),
(5,	'html-head',	'02 - HTML Head',	'<!doctype html>\r\n<?php\r\n$xmlns = \' xmlns:fb=\"http://www.facebook.com/2008/fbml\" xmlns:og=\"http://opengraphprotocol.org/schema/\"\';\r\n?>\r\n<html class=\"js<?= $isMobileOrTablet ?>\" lang=\"<?= $lang->getCode() ?>\" <?= $xmlns; ?>>\r\n\r\n<head>\r\n    REX_TEMPLATE[key=\"html-meta\"]\r\n</head>',	0,	'2024-01-09 16:12:46',	'admin',	'2024-01-09 16:30:57',	'admin',	'{\"ctype\":[],\"modules\":{\"1\":{\"all\":\"1\"}},\"categories\":{\"all\":\"1\"}}',	0),
(6,	'html-meta',	'03 - HTML Meta',	'<!--\r\n          \r\n          Website by\r\n             __    __  ______  ______  ______  __  ______  \r\n            /\\ \"-./  \\/\\  __ \\/\\  ___\\/\\  ___\\/\\ \\/\\  ___\\ \r\n            \\ \\ \\-./\\ \\ \\  __ \\ \\___  \\ \\___  \\ \\ \\ \\  __\\ \r\n             \\ \\_\\ \\ \\_\\ \\_\\ \\_\\/\\_____\\/\\_____\\ \\_\\ \\_\\   \r\n              \\/_/  \\/_/\\/_/\\/_/\\/_____/\\/_____/\\/_/\\/_/   \r\n        \r\n               http://massif.ch\r\n        \r\n-->\r\n<?php\r\n// $speed_up = new speed_up();\r\n// $speed_up->show();\r\n?>\r\n\r\n<meta charset=\"utf-8\" />\r\n<meta http-equiv=\"content-type\" content=\"text/html; charset=utf-8\" />\r\n<meta http-equiv=\"X-UA-Compatible\" content=\"IE=edge\" />\r\n\r\n<?= massif_seo::getTags() ?>\r\n\r\n<meta name=\"msapplication-TileColor\" content=\"#014152\">\r\n<link rel=\"apple-touch-icon\" sizes=\"180x180\" href=\"/apple-touch-icon.png\">\r\n<link rel=\"icon\" type=\"image/png\" sizes=\"32x32\" href=\"/favicon-32x32.png\">\r\n<link rel=\"icon\" type=\"image/png\" sizes=\"16x16\" href=\"/favicon-16x16.png\">\r\n<link rel=\"icon\" type=\"image/ico\" href=\"/favicon.ico\">\r\n<link rel=\"manifest\" href=\"/site.webmanifest\">\r\n<link rel=\"mask-icon\" href=\"/safari-pinned-tab.svg\" color=\"#f24853\">\r\n<meta name=\"theme-color\" content=\"#014152\" />\r\n<meta name=\"msapplication-config\" content=\"browserconfig.xml\" />\r\n\r\n<?php if (!rex::getProperty(\'req-with\')) { ?>\r\n\r\n    <meta name=\"viewport\" content=\"width=device-width, initial-scale=1\" />\r\n\r\n    <?php if (!rex::isDebugMode()) { ?>\r\n    <?php } ?>\r\n\r\n<?php } ?>',	0,	'2024-01-09 16:13:12',	'admin',	'2024-01-09 16:54:34',	'admin',	'{\"ctype\":[],\"modules\":{\"1\":{\"all\":\"1\"}},\"categories\":{\"all\":\"1\"}}',	0),
(7,	'footer',	'* Footer',	'<footer id=\"footer\" class=\"row-padding page-margin footer bg-color-tert\">\r\n	<div class=\"grid grid-phone border-top\">\r\n		<div class=\"col-3-phone col-7-tablet col-start-1-tablet masthead\">\r\n			<span class=\"copy\">\r\n				&copy; {{address_firma}}\r\n			</span>\r\n			<?= massif_nav::articles() ?>\r\n\r\n		</div>\r\n		<div class=\"col-3-phone col-3-tablet address\">\r\n			{{address_firma}}<br />\r\n			<a href=\"{{address_google_maps_link}}\" class=\"maps-links\" target=\"_blank\">\r\n				{{address_strasse}}<br />\r\n				{{address_plz}} {{address_ort}}<br />\r\n				{{address_land}}</a><br /><br />\r\n			{{address_e-mail_html}}<br />\r\n			{{address_phone_html}}\r\n		</div>\r\n	</div>\r\n</footer>',	0,	'2024-01-09 16:17:19',	'admin',	'0000-00-00 00:00:00',	'',	'{\"ctype\":[],\"modules\":{\"1\":{\"all\":\"1\"}},\"categories\":{\"all\":\"1\"}}',	0),
(8,	'header',	'* Header',	'<?php\r\n\r\n$nav = massif_nav::factory();\r\n// $nav->addFilter(\'id\', 1, \'!=\', 1);\r\n$nav->addCallback(function ($cat, $depth, &$li, &$a, &$name) {\r\n	$a[\'title\'] = $cat->getName();\r\n	/* $name = preg_replace(\"/([^\\\\s>])(?!(?:[^<>]*)?>)/u\", \"<span>$1</span>\", $name);*/\r\n	// if ($depth == 1) {\r\n	// 	if (count($cat->getChildren()) > 0) {\r\n	// 		$li[\'class\'][] = \'has-dropdown\';\r\n	// 		$name = \'<span>\' . $name . \'</span><i class=\"icon fa fa-chevron-down\"></i>\';\r\n	// 	}\r\n	// }\r\n\r\n	// if ($depth == 1) {\r\n	// 	if (count($cat->getChildren()) > 0) {\r\n	// 		$li[\'class\'][] = \'has-dropdown\';\r\n	// 	}\r\n	// }\r\n\r\n	return true;\r\n});\r\n\r\n$pathRoute = massif_utils::getPathRoute();\r\n\r\n\r\n$isPopup = rex_request(\'popup\', \'bool\', false);\r\n$params = [];\r\nif ($_GET) {\r\n	if (isset($_GET[\'popup\'])) {\r\n		unset($_GET[\'popup\']);\r\n	}\r\n	foreach ($_GET as $key => $val) {\r\n		$params[$key] = $val;\r\n	}\r\n}\r\n\r\n\r\n?>\r\n<a id=\"top\"></a>\r\n\r\n<header class=\"header page-margin\" id=\"header\">\r\n	<a href=\"<?= rex_getUrl(rex_article::getCurrentId()) ?>#content\" data-scroll class=\"to-content\"><span hidden>{{Zum Inhalt}}</span></a>\r\n\r\n	<div class=\"site-logo\">\r\n		<a href=\"<?= rex_getUrl(rex_article::getSiteStartArticleId()); ?>\" class=\"site-logo__anchor\" data-dialog-close>\r\n			<span hidden><?= rex::getServerName() ?></span>\r\n		</a>\r\n	</div>\r\n\r\n	<div id=\"menus\">\r\n\r\n		<?php if (!$isPopup) { ?>\r\n\r\n			<div class=\"menu main-menu\" data-menu-desktop data-menu-id=\"main-menu\">\r\n\r\n				<nav class=\"main-nav\">\r\n					<?= $nav->get(0, 1, false, true) ?>\r\n				</nav>\r\n\r\n			</div>\r\n		<?php } ?>\r\n\r\n	</div>\r\n\r\n</header>',	0,	'2024-01-09 16:18:04',	'admin',	'2024-01-09 16:32:12',	'admin',	'{\"ctype\":[],\"modules\":{\"1\":{\"all\":\"1\"}},\"categories\":{\"all\":\"1\"}}',	0),
(9, 'modal', '* Default Modal/Overlay', '<?php \nrequire(theme_path::base(\"private/template/view-set.php\"));\n', 1, '2021-06-18 19:36:38', 'admin', '2023-11-30 14:08:52', 'console', '{\"ctype\":[],\"modules\":{\"1\":{\"0\":\"163\",\"all\":0}},\"categories\":{\"all\":\"1\"}}', 0),
(10, 'mjml', '99 - Mail mit MJML', '<?php ob_start(); ?>\n<mjml>\n  <mj-head>\n        <mj-preview><?=rex::getServer();?></mj-preview>\n	\n        <mj-attributes>\n          <mj-all font-family=\"Arial, sans-serif\" />\n        </mj-attributes>\n		<mj-breakpoint width=\"730px\" />\n		<mj-style>\n	      .bg-white table {\n	        background-color: #ffffff !important;\n	      }\n	      \n	        \n		  @media (max-width:580px) { \n	        .sectionpadded  table:first-child > td:first-child  {\n	          padding-left:20px !important;\n	          padding-right:20px;\n	        }\n	      }\n	      \n	    </mj-style>\n	    \n	\n	\n\n  </mj-head>\n  <mj-body background-color=\"#F4F4F4\">\n  \n 	<mj-wrapper width=\"600px\" background-color=\"#F4F4F4\" padding=\"40px\">\n		<mj-wrapper padding=\"0\" >\n			\n			<mj-section background-color=\"#fff\" css-class=\"sectionpadded\" padding=\"40px 40px 40px 40px\">\n		      <mj-column padding=\"0\">\n		        <mj-image width=\"254\" padding=\"0\" align=\"left\" src=\"<?=rex_url::assets(\'theme/img/logo-vzf.png\')?>\" href=\"<?=rex_yrewrite::getCurrentDomain()?>\" />\n\n		      </mj-column>\n		    </mj-section>\n			\n			REX_ARTICLE[]\n			\n			<mj-section padding=\"40px 0\" css-class=\"sectionpadded\"  background-color=\"#202020\">\n			    <mj-column>\n			\n				\n					<mj-text align=\"left\" \n							 font-weight=\"normal\"\n							 font-size=\"14px\"\n							 line-height=\"20px\" \n							 color=\"#fff\"\n							 padding=\"0 40px\">\n							<b>{{address_firma}}<br />\n							{{address_firma_zusatz}}</b><br />\n							{{address_strasse}}<br />\n							{{address_plz}} {{address_ort}}<br /><br />\n							{{address_telefon_html}}<br>\n							{{address_fax_html}}<br>\n							{{address_e-mail_html}}<br>\n\n					</mj-text>\n					\n			    </mj-column>\n			</mj-section>\n		\n		</mj-wrapper>\n 	</mj-container>\n   \n  </mj-body>\n</mjml>\n<?php \n	\n	$mjml = ob_get_clean();\n\n	if(isset($_GET[\'mjml\']))	\n		die($mjml);\n		\n	$user = \'5db3a909-efbb-48e6-adee-50b88bbc0f22\';\n	$pwd = \'49ca4f4f-11b1-4940-b3b1-b520725d519e\';\n	\n	$mjmlClient = new mjmlClient($user, $pwd);\n	\n	\n	$response = $mjmlClient->render($mjml);\n	\n	\n	\n	echo $response;\n\n?>\n', 0, '2021-06-16 16:49:01', 'admin', '2023-11-30 14:08:52', 'console', '{\"ctype\":[],\"modules\":{\"1\":{\"0\":\"151\",\"1\":\"157\",\"2\":\"156\",\"all\":0}},\"categories\":{\"all\":\"1\"}}', 0);


-- --------------------------------------------------------

--
-- Daten für Tabelle `rex_tinymce5_profiles`
--

DELETE FROM `rex_tinymce5_profiles`;

INSERT INTO `rex_tinymce5_profiles` (`id`, `name`, `description`, `plugins`, `toolbar`, `extra`, `mediatype`, `mediapath`, `mediacategory`, `upload_default`, `createdate`, `updatedate`, `createuser`, `updateuser`) VALUES
(1, 'massif', 'custom', NULL, NULL, 'language: \'de\',\r\ntoolbar_location: \'bottom\',\r\nbranding: false,\r\nstatusbar: true,\r\nmenubar: false,\r\nrelative_urls : false,\r\nremove_script_host : true,\r\ndocument_base_url : \"/\",\r\nconvert_urls : true,\r\nplugins: \'autoresize searchreplace autolink directionality visualblocks visualchars fullscreen image link media charmap hr pagebreak nonbreaking anchor toc lists wordcount imagetools textpattern help paste code \' +\r\n    \'save\' +\r\n    \'\',\r\ntoolbar: \'formatselect styleselect removeformat | undo redo | bold italic subscript superscript | link image media | align alignleft aligncenter alignright | numlist bullist outdent indent | code | fullscreen | visualchars | searchreplace | cut copy paste pastetext selectall wordcount charmap nonbreaking anchor toc\',\r\n\r\nblock_formats:  \'Titel  H1=h1;  Titel  H2=h2;  Titel  H3=h3;  Titel  H4=h4;  Absatz=p\',\r\nstyle_formats:  [\r\n    //{title:  \'Elemente\',  items:  [\r\n        {title:  \'wie  H1\',  format: \'s_h1\' },\r\n        {title:  \'wie  H2\', format: \'s_h2\' },\r\n        {title:  \'wie  H3\', format: \'s_h3\' },\r\n        {title:  \'wie  H4\', format: \'s_h4\' },\r\n        {title:  \'Lead\', format: \'s_lead\' },\r\n        {title:  \'wie  Absatz  /  Text  normal\', format: \'s_p\' },\r\n        {title:  \'klein\', format: \'text_small\' },\r\n    //]}\r\n],\r\nformats:{\r\n    s_h1: { selector:  \'h1,h2,h3,h4,p,div\',  classes:  \'h1\' },\r\n    s_h2: { selector:  \'h1,h2,h3,h4,p,div\',  classes:  \'h2\' },\r\n    s_h3: { selector:  \'h1,h2,h3,h4,p,div\',  classes:  \'h3\' },\r\n    s_h4: { selector:  \'h1,h2,h3,h4,p,div\',  classes:  \'h3\' },\r\n    s_lead: { selector:  \'h1,h2,h3,h4,p,div\',  classes:  \'lead\' },\r\n    s_p: { selector:  \'h1,h2,h3,h4,p,div\', classes:  \'text-normal\' },\r\n    text_small: { inline: \'span\', selector:  \'h1,h2,h3,h4,p,div,span\', classes:  \'text-small\' },\r\n    text_rotated: { selector:  \'h1,h2,h3,h4,p,div\', classes:  \'text-rotated\' },\r\n    font_mono: { selector:  \'h1,h2,h3,h4,p,div\', classes:  \'font-mono\' },\r\n    colorquad: { inline: \'em\', selector:  \'h1,h2,h3,h4,p,div,span\', classes:  \'color-quad\' },\r\n    weight_light: { inline: \'span\', selector:  \'h1,h2,h3,h4,p,div,span\', classes:  \'weight-light\' },\r\n    weight_medium: { inline: \'span\', selector:  \'h1,h2,h3,h4,p,div,span\', classes:  \'weight-medium\' },\r\n},\r\ncontent_style:  \'\'+\r\n    \'.h1{font-size:34px}\'+\r\n    \'.text-large{font-size:31px}\'+\r\n    \'.h2{font-size:28px}\'+\r\n    \'.h3,.lead{font-size:24px}\'+\r\n    \'.h4{font-size:18px}\'+\r\n    \'.lead{font-size:20px; font-weight: 500;}\'+\r\n    \'p{color: #000;font-size:18px;}\'+\r\n    \'.text-small{font-size:14px;}\'+\r\n    \'.color-quad{color: #077984;}\'+\r\n    \'.color-tert{color: #FFF3C1;}\'+\r\n    \'.weight-light{font-weight:300;}\'+\r\n    \'.weight-medium{font-weight:500;}\'+\r\n    \'.font-mono{font-family: \"Courier New\", Courier, monospace;}\'+\r\n    \'.text-rotated{transform: rotate(-8deg);}\'+\r\n    \'.text-normal{font-size:20px;font-weight:normal;}\'+\r\n    \'.text-small{font-size:16px;font-weight:normal;}\',\r\n    \r\n\r\nconvert_fonts_to_spans:  true,\r\n\r\nimage_caption: true,\r\nimage_uploadtab: false,\r\n// paste_as_text: true,\r\npowerpaste_word_import: \"clean\",\r\npowerpaste_html_import: \"merge\",\r\n\r\n// height: 700,\r\n\r\nvisualblocks_default_state: true,\r\n\r\ntoc_depth: 3,\r\ntoc_header: \"div\", // case doesn\'t matter\r\ntoc_class: \"our-toc\",\r\ntoolbar_sticky: true,\r\n\r\n// autoresize_bottom_margin: 5,\r\nfile_picker_callback: function (callback, value, meta) {\r\n    rex5_picker_function(callback, value, meta);\r\n}', NULL, NULL, NULL, NULL, '2019-07-31 06:45:57', '2023-12-06 17:07:07', 'admin', 'admin'),
(3, 'full', 'Full featured example', NULL, NULL, 'language: \'de\',\r\nbranding: false,\r\nstatusbar: true,\r\nmenubar: true,\r\nplugins: \'autoresize print preview fullpage searchreplace autolink directionality visualblocks visualchars fullscreen image link media template codesample table charmap hr pagebreak nonbreaking anchor toc insertdatetime advlist lists wordcount imagetools textpattern help emoticons paste code \' +\r\n    \'save\' +\r\n    \'\',\r\ntoolbar: \'styleselect | undo redo save | bold italic underline strikethrough subscript superscript forecolor backcolor | ltr rtl | table visualblocks visualchars | link image media | codesample template fontselect align alignleft aligncenter alignright alignjustify | numlist bullist outdent indent | removeformat code | hr print preview media fullpage fullscreen | searchreplace | emoticons visualaid cut copy paste pastetext selectall wordcount charmap pagebreak nonbreaking anchor toc insertdatetime\',\r\n\r\nimage_caption: true,\r\nimage_uploadtab: false,\r\n// paste_as_text: true,\r\npowerpaste_word_import: \"clean\",\r\npowerpaste_html_import: \"merge\",\r\n\r\n// height: 700,\r\n\r\ncodesample_languages: [\r\n    {text: \'HTML/XML\', value: \'markup\'},\r\n    {text: \'JavaScript\', value: \'javascript\'},\r\n    {text: \'CSS\', value: \'css\'},\r\n    {text: \'PHP\', value: \'php\'},\r\n    {text: \'Ruby\', value: \'ruby\'},\r\n    {text: \'Python\', value: \'python\'},\r\n    {text: \'Java\', value: \'java\'},\r\n    {text: \'C\', value: \'c\'},\r\n    {text: \'C#\', value: \'csharp\'},\r\n    {text: \'C++\', value: \'cpp\'}\r\n],\r\n\r\ntoc_depth: 3,\r\ntoc_header: \"div\", // case doesn\'t matter\r\ntoc_class: \"our-toc\",\r\n\r\n// autoresize_bottom_margin: 5,\r\nfile_picker_callback: function (callback, value, meta) {\r\n    rex5_picker_function(callback, value, meta);\r\n}', NULL, NULL, NULL, NULL, '2019-07-31 06:45:57', '2020-06-17 18:49:01', 'admin', 'admin'),
(2, 'massif_reduced', 'custom', NULL, NULL, 'language: \'de\',\r\ntoolbar_location: \'bottom\',\r\nbranding: false,\r\nstatusbar: true,\r\nmenubar: false,\r\nrelative_urls : false,\r\nremove_script_host : true,\r\ndocument_base_url : \"/\",\r\nconvert_urls : true,\r\nplugins: \'autoresize searchreplace autolink directionality visualblocks visualchars fullscreen image link media charmap hr pagebreak nonbreaking anchor toc lists wordcount imagetools textpattern help paste code \' +\r\n    \'save\' +\r\n    \'\',\r\ntoolbar: \'removeformat | undo redo | link | code | fullscreen | visualchars | searchreplace | cut copy paste pastetext selectall wordcount charmap nonbreaking\',\r\n\r\nblock_formats:  \'Titel  H1=h1;  Titel  H2=h2;  Titel  H3=h3;  Absatz=p\',\r\nstyle_formats:  [\r\n    //{title:  \'Elemente\',  items:  [\r\n        {title:  \'wie  H1\',  format: \'s_h1\' },\r\n        {title:  \'wie  H2\', format: \'s_h2\' },\r\n        {title:  \'wie  H3\', format: \'s_h3\' },\r\n        {title:  \'Lead\', format: \'s_lead\' },\r\n        {title:  \'wie  Absatz  /  Text  normal\', format: \'s_p\' },\r\n        {title:  \'klein\', format: \'text_small\' },\r\n        {title:  \'----\'},\r\n        {title:  \'gedreht\', format: \'text_rotated\' },\r\n        {title:  \'----\'},\r\n        {title:  \'light\', format: \'weight_light\' },\r\n        {title:  \'medium\', format: \'weight_medium\' },\r\n        {title:  \'----\'},\r\n        {title:  \'Schrift Mono\', format: \'font_mono\' },\r\n    //]}\r\n],\r\nformats:{\r\n    s_h1: { selector:  \'h1,h2,h3,p,div\',  classes:  \'h1\' },\r\n    s_h2: { selector:  \'h1,h2,h3,p,div\',  classes:  \'h2\' },\r\n    s_h3: { selector:  \'h1,h2,h3,p,div\',  classes:  \'h3\' },\r\n    s_lead: { selector:  \'h1,h2,h3,p,div\',  classes:  \'lead\' },\r\n    s_p: { selector:  \'h1,h2,h3,p,div\', classes:  \'text-normal\' },\r\n    text_small: { inline: \'span\', selector:  \'h1,h2,h3,p,div,span\', classes:  \'text-small\' },\r\n    text_rotated: { selector:  \'h1,h2,h3,p,div\', classes:  \'text-rotated\' },\r\n    font_mono: { selector:  \'h1,h2,h3,p,div\', classes:  \'font-mono\' },\r\n    colorquad: { inline: \'em\', selector:  \'h1,h2,h3,p,div,span\', classes:  \'color-quad\' },\r\n    weight_light: { inline: \'span\', selector:  \'h1,h2,h3,p,div,span\', classes:  \'weight-light\' },\r\n    weight_medium: { inline: \'span\', selector:  \'h1,h2,h3,p,div,span\', classes:  \'weight-medium\' },\r\n},\r\ncontent_style:  \'\'+\r\n    \'.h1{font-size:34px}\'+\r\n    \'.text-large{font-size:31px}\'+\r\n    \'.h2{font-size:28px}\'+\r\n    \'.h3,.lead{font-size:24px}\'+\r\n    \'.h4{font-size:18px}\'+\r\n    \'.lead{font-size:20px; font-weight: 500;}\'+\r\n    \'p{color: #000;font-size:22px;font-weight:bold;}\'+\r\n    \'.text-small{font-size:14px;}\'+\r\n    \'.color-quad{color: #077984;}\'+\r\n    \'.color-tert{color: #FFF3C1;}\'+\r\n    \'.weight-light{font-weight:300;}\'+\r\n    \'.weight-medium{font-weight:500;}\'+\r\n    \'.font-mono{font-family: \"Courier New\", Courier, monospace;}\'+\r\n    \'.text-rotated{transform: rotate(-8deg);}\'+\r\n    \'.text-normal{font-size:20px;font-weight:normal;}\'+\r\n    \'.text-small{font-size:16px;font-weight:normal;}\',\r\n    \r\n\r\nconvert_fonts_to_spans:  true,\r\n\r\nimage_caption: true,\r\nimage_uploadtab: false,\r\n// paste_as_text: true,\r\npowerpaste_word_import: \"clean\",\r\npowerpaste_html_import: \"merge\",\r\n\r\n// height: 700,\r\n\r\nvisualblocks_default_state: true,\r\n\r\ntoc_depth: 3,\r\ntoc_header: \"div\", // case doesn\'t matter\r\ntoc_class: \"our-toc\",\r\ntoolbar_sticky: true,\r\n\r\n// autoresize_bottom_margin: 5,\r\nfile_picker_callback: function (callback, value, meta) {\r\n    rex5_picker_function(callback, value, meta);\r\n}', NULL, NULL, NULL, NULL, '2023-11-17 15:43:06', '2023-11-17 16:30:49', 'admin', 'admin');
